purchase_id,product_id,supplier_id,purchase_date,batch_number,expiry_date,quantity_purchased,purchase_price
1,1,1,2023-04-01,B1_20230401,2023-09-28,439,42.31
2,1,1,2023-04-24,B1_20230424,2023-10-21,409,42.31
3,1,1,2023-05-13,B1_20230513,2023-11-09,345,42.31
4,1,1,2023-06-03,B1_20230603,2023-11-30,432,42.31
5,1,1,2023-06-22,B1_20230622,2023-12-19,442,42.31
6,1,1,2023-07-11,B1_20230711,2024-01-07,385,42.31
7,1,1,2023-08-05,B1_20230805,2024-02-01,416,42.31
8,1,1,2023-08-28,B1_20230828,2024-02-24,359,42.31
9,1,1,2023-09-20,B1_20230920,2024-03-18,365,42.31
10,1,1,2023-10-12,B1_20231012,2024-04-09,424,42.31
11,1,1,2023-10-31,B1_20231031,2024-04-28,413,42.31
12,1,1,2023-11-20,B1_20231120,2024-05-18,404,42.31
13,1,1,2023-12-11,B1_20231211,2024-06-08,359,42.31
14,1,1,2024-01-04,B1_20240104,2024-07-02,372,42.31
15,1,1,2024-01-25,B1_20240125,2024-07-23,422,42.31
16,1,1,2024-02-12,B1_20240212,2024-08-10,367,42.31
17,1,1,2024-03-01,B1_20240301,2024-08-28,436,42.31
18,1,1,2024-03-25,B1_20240325,2024-09-21,372,42.31
19,2,1,2023-04-01,B2_20230401,2023-09-28,1950,18.01
20,2,1,2023-06-27,B2_20230627,2023-12-24,1655,18.01
21,2,1,2023-09-12,B2_20230912,2024-03-10,1952,18.01
22,2,1,2023-11-20,B2_20231120,2024-05-18,1555,18.01
23,2,1,2024-02-10,B2_20240210,2024-08-08,1791,18.01
24,3,2,2023-04-01,B3_20230401,2023-09-28,873,14.37
25,3,2,2023-05-18,B3_20230518,2023-11-14,747,14.37
26,3,2,2023-06-26,B3_20230626,2023-12-23,782,14.37
27,3,2,2023-08-02,B3_20230802,2024-01-29,839,14.37
28,3,2,2023-09-09,B3_20230909,2024-03-07,698,14.37
29,3,2,2023-10-19,B3_20231019,2024-04-16,848,14.37
30,3,2,2023-12-06,B3_20231206,2024-06-03,802,14.37
31,3,2,2024-01-22,B3_20240122,2024-07-20,752,14.37
32,3,2,2024-03-11,B3_20240311,2024-09-07,786,14.37
33,4,3,2023-04-01,B4_20230401,2023-09-28,822,7.97
34,4,3,2023-05-09,B4_20230509,2023-11-05,822,7.97
35,4,3,2023-06-21,B4_20230621,2023-12-18,842,7.97
36,4,3,2023-08-05,B4_20230805,2024-02-01,689,7.97
37,4,3,2023-09-22,B4_20230922,2024-03-20,700,7.97
38,4,3,2023-10-27,B4_20231027,2024-04-24,886,7.97
39,4,3,2023-12-09,B4_20231209,2024-06-06,890,7.97
40,4,3,2024-01-18,B4_20240118,2024-07-16,781,7.97
41,4,3,2024-02-25,B4_20240225,2024-08-23,866,7.97
42,5,1,2023-04-01,B5_20230401,2023-09-28,661,36.1
43,5,1,2023-05-12,B5_20230512,2023-11-08,537,36.1
44,5,1,2023-06-21,B5_20230621,2023-12-18,607,36.1
45,5,1,2023-07-26,B5_20230726,2024-01-22,617,36.1
46,5,1,2023-09-14,B5_20230914,2024-03-12,513,36.1
47,5,1,2023-10-30,B5_20231030,2024-04-27,668,36.1
48,5,1,2023-12-13,B5_20231213,2024-06-10,553,36.1
49,5,1,2024-01-24,B5_20240124,2024-07-22,668,36.1
50,5,1,2024-03-01,B5_20240301,2024-08-28,525,36.1
51,6,2,2023-04-01,B6_20230401,2023-09-28,1423,11.17
52,6,2,2023-06-29,B6_20230629,2023-12-26,1312,11.17
53,6,2,2023-09-06,B6_20230906,2024-03-04,1155,11.17
54,6,2,2023-11-25,B6_20231125,2024-05-23,1474,11.17
55,6,2,2024-02-03,B6_20240203,2024-08-01,1208,11.17
56,7,3,2023-04-01,B7_20230401,2023-09-28,1031,42.73
57,7,3,2023-07-05,B7_20230705,2024-01-01,913,42.73
58,7,3,2023-09-25,B7_20230925,2024-03-23,1076,42.73
59,7,3,2023-12-21,B7_20231221,2024-06-18,910,42.73
60,7,3,2024-03-04,B7_20240304,2024-08-31,969,42.73
61,8,3,2023-04-01,B8_20230401,2023-09-28,1358,12.75
62,8,3,2023-06-19,B8_20230619,2023-12-16,1455,12.75
63,8,3,2023-09-06,B8_20230906,2024-03-04,1152,12.75
64,8,3,2023-11-17,B8_20231117,2024-05-15,1129,12.75
65,8,3,2024-01-21,B8_20240121,2024-07-19,1334,12.75
66,9,3,2023-04-01,B9_20230401,2023-09-28,800,19.27
67,9,3,2023-05-06,B9_20230506,2023-11-02,679,19.27
68,9,3,2023-06-11,B9_20230611,2023-12-08,716,19.27
69,9,3,2023-07-17,B9_20230717,2024-01-13,864,19.27
70,9,3,2023-08-23,B9_20230823,2024-02-19,783,19.27
71,9,3,2023-10-05,B9_20231005,2024-04-02,819,19.27
72,9,3,2023-11-15,B9_20231115,2024-05-13,789,19.27
73,9,3,2024-01-04,B9_20240104,2024-07-02,719,19.27
74,9,3,2024-02-23,B9_20240223,2024-08-21,851,19.27
75,10,2,2023-04-01,B10_20230401,2023-09-28,456,14.83
76,10,2,2023-04-25,B10_20230425,2023-10-22,497,14.83
77,10,2,2023-05-19,B10_20230519,2023-11-15,514,14.83
78,10,2,2023-06-06,B10_20230606,2023-12-03,547,14.83
79,10,2,2023-06-25,B10_20230625,2023-12-22,451,14.83
80,10,2,2023-07-18,B10_20230718,2024-01-14,566,14.83
81,10,2,2023-08-06,B10_20230806,2024-02-02,480,14.83
82,10,2,2023-08-27,B10_20230827,2024-02-23,525,14.83
83,10,2,2023-09-16,B10_20230916,2024-03-14,507,14.83
84,10,2,2023-10-08,B10_20231008,2024-04-05,514,14.83
85,10,2,2023-10-27,B10_20231027,2024-04-24,511,14.83
86,10,2,2023-11-15,B10_20231115,2024-05-13,449,14.83
87,10,2,2023-12-03,B10_20231203,2024-05-31,593,14.83
88,10,2,2023-12-24,B10_20231224,2024-06-21,467,14.83
89,10,2,2024-01-18,B10_20240118,2024-07-16,517,14.83
90,10,2,2024-02-11,B10_20240211,2024-08-09,582,14.83
91,10,2,2024-03-02,B10_20240302,2024-08-29,501,14.83
92,10,2,2024-03-26,B10_20240326,2024-09-22,483,14.83
93,11,1,2023-04-01,B11_20230401,2023-09-28,486,26.83
94,11,1,2023-04-26,B11_20230426,2023-10-23,466,26.83
95,11,1,2023-05-18,B11_20230518,2023-11-14,475,26.83
96,11,1,2023-06-05,B11_20230605,2023-12-02,532,26.83
97,11,1,2023-06-23,B11_20230623,2023-12-20,558,26.83
98,11,1,2023-07-11,B11_20230711,2024-01-07,449,26.83
99,11,1,2023-08-05,B11_20230805,2024-02-01,520,26.83
100,11,1,2023-08-25,B11_20230825,2024-02-21,450,26.83
101,11,1,2023-09-13,B11_20230913,2024-03-11,574,26.83
102,11,1,2023-10-02,B11_20231002,2024-03-30,534,26.83
103,11,1,2023-10-23,B11_20231023,2024-04-20,504,26.83
104,11,1,2023-11-13,B11_20231113,2024-05-11,532,26.83
105,11,1,2023-12-01,B11_20231201,2024-05-29,538,26.83
106,11,1,2023-12-25,B11_20231225,2024-06-22,544,26.83
107,11,1,2024-01-17,B11_20240117,2024-07-15,587,26.83
108,11,1,2024-02-07,B11_20240207,2024-08-05,546,26.83
109,11,1,2024-03-01,B11_20240301,2024-08-28,479,26.83
110,11,1,2024-03-25,B11_20240325,2024-09-21,462,26.83
111,12,1,2023-04-01,B12_20230401,2023-09-28,987,33.81
112,12,1,2023-07-04,B12_20230704,2023-12-31,1075,33.81
113,12,1,2023-09-09,B12_20230909,2024-03-07,852,33.81
114,12,1,2023-12-02,B12_20231202,2024-05-30,1149,33.81
115,12,1,2024-02-08,B12_20240208,2024-08-06,871,33.81
116,13,1,2023-04-01,B13_20230401,2023-09-28,376,40.06
117,13,1,2023-05-17,B13_20230517,2023-11-13,518,40.06
118,13,1,2023-07-02,B13_20230702,2023-12-29,385,40.06
119,13,1,2023-08-15,B13_20230815,2024-02-11,494,40.06
120,13,1,2023-09-19,B13_20230919,2024-03-17,448,40.06
121,13,1,2023-10-27,B13_20231027,2024-04-24,425,40.06
122,13,1,2023-12-04,B13_20231204,2024-06-01,501,40.06
123,13,1,2024-01-12,B13_20240112,2024-07-10,403,40.06
124,13,1,2024-02-26,B13_20240226,2024-08-24,397,40.06
125,14,1,2023-04-01,B14_20230401,2023-09-28,600,31.99
126,14,1,2023-05-14,B14_20230514,2023-11-10,672,31.99
127,14,1,2023-06-19,B14_20230619,2023-12-16,526,31.99
128,14,1,2023-08-06,B14_20230806,2024-02-02,659,31.99
129,14,1,2023-09-11,B14_20230911,2024-03-09,510,31.99
130,14,1,2023-10-20,B14_20231020,2024-04-17,624,31.99
131,14,1,2023-12-02,B14_20231202,2024-05-30,539,31.99
132,14,1,2024-01-20,B14_20240120,2024-07-18,609,31.99
133,14,1,2024-03-08,B14_20240308,2024-09-04,610,31.99
134,15,1,2023-04-01,B15_20230401,2023-09-28,349,42.26
135,15,1,2023-04-21,B15_20230421,2023-10-18,405,42.26
136,15,1,2023-05-14,B15_20230514,2023-11-10,409,42.26
137,15,1,2023-06-03,B15_20230603,2023-11-30,391,42.26
138,15,1,2023-06-21,B15_20230621,2023-12-18,376,42.26
139,15,1,2023-07-09,B15_20230709,2024-01-05,447,42.26
140,15,1,2023-07-30,B15_20230730,2024-01-26,421,42.26
141,15,1,2023-08-18,B15_20230818,2024-02-14,382,42.26
142,15,1,2023-09-11,B15_20230911,2024-03-09,456,42.26
143,15,1,2023-10-01,B15_20231001,2024-03-29,451,42.26
144,15,1,2023-10-22,B15_20231022,2024-04-19,443,42.26
145,15,1,2023-11-11,B15_20231111,2024-05-09,445,42.26
146,15,1,2023-11-29,B15_20231129,2024-05-27,361,42.26
147,15,1,2023-12-22,B15_20231222,2024-06-19,433,42.26
148,15,1,2024-01-15,B15_20240115,2024-07-13,436,42.26
149,15,1,2024-02-05,B15_20240205,2024-08-03,372,42.26
150,15,1,2024-02-24,B15_20240224,2024-08-22,385,42.26
151,15,1,2024-03-13,B15_20240313,2024-09-09,443,42.26
152,16,2,2023-04-01,B16_20230401,2023-09-28,363,35.78
153,16,2,2023-04-26,B16_20230426,2023-10-23,381,35.78
154,16,2,2023-05-17,B16_20230517,2023-11-13,366,35.78
155,16,2,2023-06-07,B16_20230607,2023-12-04,387,35.78
156,16,2,2023-06-29,B16_20230629,2023-12-26,443,35.78
157,16,2,2023-07-21,B16_20230721,2024-01-17,382,35.78
158,16,2,2023-08-14,B16_20230814,2024-02-10,421,35.78
159,16,2,2023-09-06,B16_20230906,2024-03-04,452,35.78
160,16,2,2023-09-25,B16_20230925,2024-03-23,445,35.78
161,16,2,2023-10-17,B16_20231017,2024-04-14,361,35.78
162,16,2,2023-11-08,B16_20231108,2024-05-06,344,35.78
163,16,2,2023-12-02,B16_20231202,2024-05-30,381,35.78
164,16,2,2023-12-25,B16_20231225,2024-06-22,392,35.78
165,16,2,2024-01-13,B16_20240113,2024-07-11,386,35.78
166,16,2,2024-02-03,B16_20240203,2024-08-01,370,35.78
167,16,2,2024-02-27,B16_20240227,2024-08-25,340,35.78
168,16,2,2024-03-19,B16_20240319,2024-09-15,383,35.78
169,17,1,2023-04-01,B17_20230401,2023-09-28,885,8.45
170,17,1,2023-05-16,B17_20230516,2023-11-12,808,8.45
171,17,1,2023-06-23,B17_20230623,2023-12-20,831,8.45
172,17,1,2023-08-06,B17_20230806,2024-02-02,781,8.45
173,17,1,2023-09-23,B17_20230923,2024-03-21,739,8.45
174,17,1,2023-11-06,B17_20231106,2024-05-04,792,8.45
175,17,1,2023-12-17,B17_20231217,2024-06-14,761,8.45
176,17,1,2024-02-02,B17_20240202,2024-07-31,821,8.45
177,17,1,2024-03-13,B17_20240313,2024-09-09,807,8.45
178,18,2,2023-04-01,B18_20230401,2023-09-28,1263,23.18
179,18,2,2023-07-01,B18_20230701,2023-12-28,1105,23.18
180,18,2,2023-09-13,B18_20230913,2024-03-11,1186,23.18
181,18,2,2023-12-12,B18_20231212,2024-06-09,1331,23.18
182,18,2,2024-03-06,B18_20240306,2024-09-02,1230,23.18
183,19,3,2023-04-01,B19_20230401,2023-09-28,589,45.15
184,19,3,2023-05-12,B19_20230512,2023-11-08,602,45.15
185,19,3,2023-06-21,B19_20230621,2023-12-18,628,45.15
186,19,3,2023-08-04,B19_20230804,2024-01-31,602,45.15
187,19,3,2023-09-18,B19_20230918,2024-03-16,526,45.15
188,19,3,2023-10-30,B19_20231030,2024-04-27,631,45.15
189,19,3,2023-12-11,B19_20231211,2024-06-08,655,45.15
190,19,3,2024-01-19,B19_20240119,2024-07-17,514,45.15
191,19,3,2024-03-01,B19_20240301,2024-08-28,687,45.15
192,20,2,2023-04-01,B20_20230401,2023-09-28,769,17.95
193,20,2,2023-05-12,B20_20230512,2023-11-08,831,17.95
194,20,2,2023-06-28,B20_20230628,2023-12-25,778,17.95
195,20,2,2023-08-09,B20_20230809,2024-02-05,697,17.95
196,20,2,2023-09-13,B20_20230913,2024-03-11,871,17.95
197,20,2,2023-10-21,B20_20231021,2024-04-18,845,17.95
198,20,2,2023-12-02,B20_20231202,2024-05-30,704,17.95
199,20,2,2024-01-20,B20_20240120,2024-07-18,674,17.95
200,20,2,2024-03-02,B20_20240302,2024-08-29,877,17.95
201,21,1,2023-04-01,B21_20230401,2023-09-28,769,12.23
202,21,1,2023-05-20,B21_20230520,2023-11-16,819,12.23
203,21,1,2023-07-04,B21_20230704,2023-12-31,885,12.23
204,21,1,2023-08-22,B21_20230822,2024-02-18,806,12.23
205,21,1,2023-10-09,B21_20231009,2024-04-06,857,12.23
206,21,1,2023-11-27,B21_20231127,2024-05-25,872,12.23
207,21,1,2024-01-16,B21_20240116,2024-07-14,768,12.23
208,21,1,2024-02-27,B21_20240227,2024-08-25,859,12.23
209,22,2,2023-04-01,B22_20230401,2023-09-28,593,15.95
210,22,2,2023-05-13,B22_20230513,2023-11-09,447,15.95
211,22,2,2023-06-26,B22_20230626,2023-12-23,478,15.95
212,22,2,2023-08-02,B22_20230802,2024-01-29,449,15.95
213,22,2,2023-09-10,B22_20230910,2024-03-08,507,15.95
214,22,2,2023-10-28,B22_20231028,2024-04-25,513,15.95
215,22,2,2023-12-03,B22_20231203,2024-05-31,486,15.95
216,22,2,2024-01-07,B22_20240107,2024-07-05,650,15.95
217,22,2,2024-02-23,B22_20240223,2024-08-21,610,15.95
218,23,1,2023-04-01,B23_20230401,2023-09-28,645,36.64
219,23,1,2023-05-19,B23_20230519,2023-11-15,606,36.64
220,23,1,2023-06-30,B23_20230630,2023-12-27,597,36.64
221,23,1,2023-08-12,B23_20230812,2024-02-08,588,36.64
222,23,1,2023-09-16,B23_20230916,2024-03-14,579,36.64
223,23,1,2023-11-02,B23_20231102,2024-04-30,640,36.64
224,23,1,2023-12-21,B23_20231221,2024-06-18,675,36.64
225,23,1,2024-01-25,B23_20240125,2024-07-23,673,36.64
226,23,1,2024-02-29,B23_20240229,2024-08-27,525,36.64
227,24,1,2023-04-01,B24_20230401,2023-09-28,705,30.86
228,24,1,2023-05-07,B24_20230507,2023-11-03,723,30.86
229,24,1,2023-06-25,B24_20230625,2023-12-22,775,30.86
230,24,1,2023-08-11,B24_20230811,2024-02-07,780,30.86
231,24,1,2023-09-28,B24_20230928,2024-03-26,701,30.86
232,24,1,2023-11-02,B24_20231102,2024-04-30,811,30.86
233,24,1,2023-12-18,B24_20231218,2024-06-15,693,30.86
234,24,1,2024-01-23,B24_20240123,2024-07-21,899,30.86
235,24,1,2024-03-04,B24_20240304,2024-08-31,887,30.86
236,25,1,2023-04-01,B25_20230401,2023-09-28,719,41.37
237,25,1,2023-05-12,B25_20230512,2023-11-08,764,41.37
238,25,1,2023-06-27,B25_20230627,2023-12-24,724,41.37
239,25,1,2023-08-04,B25_20230804,2024-01-31,828,41.37
240,25,1,2023-09-17,B25_20230917,2024-03-15,663,41.37
241,25,1,2023-10-31,B25_20231031,2024-04-28,850,41.37
242,25,1,2023-12-17,B25_20231217,2024-06-14,789,41.37
243,25,1,2024-01-23,B25_20240123,2024-07-21,847,41.37
244,25,1,2024-03-05,B25_20240305,2024-09-01,721,41.37
245,26,1,2023-04-01,B26_20230401,2023-09-28,566,24.47
246,26,1,2023-04-19,B26_20230419,2023-10-16,496,24.47
247,26,1,2023-05-13,B26_20230513,2023-11-09,545,24.47
248,26,1,2023-06-01,B26_20230601,2023-11-28,520,24.47
249,26,1,2023-06-24,B26_20230624,2023-12-21,443,24.47
250,26,1,2023-07-18,B26_20230718,2024-01-14,570,24.47
251,26,1,2023-08-06,B26_20230806,2024-02-02,509,24.47
252,26,1,2023-08-29,B26_20230829,2024-02-25,541,24.47
253,26,1,2023-09-23,B26_20230923,2024-03-21,552,24.47
254,26,1,2023-10-17,B26_20231017,2024-04-14,469,24.47
255,26,1,2023-11-08,B26_20231108,2024-05-06,538,24.47
256,26,1,2023-12-03,B26_20231203,2024-05-31,514,24.47
257,26,1,2023-12-25,B26_20231225,2024-06-22,492,24.47
258,26,1,2024-01-15,B26_20240115,2024-07-13,571,24.47
259,26,1,2024-02-03,B26_20240203,2024-08-01,485,24.47
260,26,1,2024-02-28,B26_20240228,2024-08-26,480,24.47
261,26,1,2024-03-24,B26_20240324,2024-09-20,530,24.47
262,27,2,2023-04-01,B27_20230401,2023-09-28,654,11.42
263,27,2,2023-04-24,B27_20230424,2023-10-21,602,11.42
264,27,2,2023-05-16,B27_20230516,2023-11-12,684,11.42
265,27,2,2023-06-07,B27_20230607,2023-12-04,701,11.42
266,27,2,2023-06-28,B27_20230628,2023-12-25,618,11.42
267,27,2,2023-07-23,B27_20230723,2024-01-19,679,11.42
268,27,2,2023-08-17,B27_20230817,2024-02-13,718,11.42
269,27,2,2023-09-04,B27_20230904,2024-03-02,585,11.42
270,27,2,2023-09-25,B27_20230925,2024-03-23,654,11.42
271,27,2,2023-10-20,B27_20231020,2024-04-17,687,11.42
272,27,2,2023-11-12,B27_20231112,2024-05-10,654,11.42
273,27,2,2023-12-04,B27_20231204,2024-06-01,610,11.42
274,27,2,2023-12-25,B27_20231225,2024-06-22,668,11.42
275,27,2,2024-01-14,B27_20240114,2024-07-12,642,11.42
276,27,2,2024-02-05,B27_20240205,2024-08-03,775,11.42
277,27,2,2024-02-27,B27_20240227,2024-08-25,818,11.42
278,27,2,2024-03-20,B27_20240320,2024-09-16,609,11.42
279,28,2,2023-04-01,B28_20230401,2023-09-28,637,41.49
280,28,2,2023-05-10,B28_20230510,2023-11-06,559,41.49
281,28,2,2023-06-15,B28_20230615,2023-12-12,609,41.49
282,28,2,2023-07-24,B28_20230724,2024-01-20,624,41.49
283,28,2,2023-09-12,B28_20230912,2024-03-10,528,41.49
284,28,2,2023-10-17,B28_20231017,2024-04-14,613,41.49
285,28,2,2023-12-06,B28_20231206,2024-06-03,596,41.49
286,28,2,2024-01-20,B28_20240120,2024-07-18,543,41.49
287,28,2,2024-02-25,B28_20240225,2024-08-23,555,41.49
288,29,2,2023-04-01,B29_20230401,2023-09-28,884,32.38
289,29,2,2023-06-07,B29_20230607,2023-12-04,970,32.38
290,29,2,2023-08-13,B29_20230813,2024-02-09,1023,32.38
291,29,2,2023-11-07,B29_20231107,2024-05-05,866,32.38
292,29,2,2024-01-15,B29_20240115,2024-07-13,1093,32.38
293,30,3,2023-04-01,B30_20230401,2023-09-28,564,34.11
294,30,3,2023-05-13,B30_20230513,2023-11-09,531,34.11
295,30,3,2023-06-30,B30_20230630,2023-12-27,619,34.11
296,30,3,2023-08-11,B30_20230811,2024-02-07,649,34.11
297,30,3,2023-09-27,B30_20230927,2024-03-25,591,34.11
298,30,3,2023-11-15,B30_20231115,2024-05-13,563,34.11
299,30,3,2024-01-02,B30_20240102,2024-06-30,564,34.11
300,30,3,2024-02-07,B30_20240207,2024-08-05,619,34.11
301,30,3,2024-03-16,B30_20240316,2024-09-12,680,34.11
302,31,2,2023-04-01,B31_20230401,2023-09-28,415,43.58
303,31,2,2023-04-23,B31_20230423,2023-10-20,419,43.58
304,31,2,2023-05-13,B31_20230513,2023-11-09,368,43.58
305,31,2,2023-06-01,B31_20230601,2023-11-28,358,43.58
306,31,2,2023-06-25,B31_20230625,2023-12-22,394,43.58
307,31,2,2023-07-20,B31_20230720,2024-01-16,374,43.58
308,31,2,2023-08-10,B31_20230810,2024-02-06,374,43.58
309,31,2,2023-09-01,B31_20230901,2024-02-28,424,43.58
310,31,2,2023-09-26,B31_20230926,2024-03-24,348,43.58
311,31,2,2023-10-17,B31_20231017,2024-04-14,450,43.58
312,31,2,2023-11-07,B31_20231107,2024-05-05,391,43.58
313,31,2,2023-11-28,B31_20231128,2024-05-26,417,43.58
314,31,2,2023-12-20,B31_20231220,2024-06-17,439,43.58
315,31,2,2024-01-08,B31_20240108,2024-07-06,347,43.58
316,31,2,2024-01-30,B31_20240130,2024-07-28,411,43.58
317,31,2,2024-02-21,B31_20240221,2024-08-19,392,43.58
318,31,2,2024-03-17,B31_20240317,2024-09-13,422,43.58
319,32,3,2023-04-01,B32_20230401,2023-09-28,679,35.48
320,32,3,2023-05-21,B32_20230521,2023-11-17,588,35.48
321,32,3,2023-06-26,B32_20230626,2023-12-23,670,35.48
322,32,3,2023-08-10,B32_20230810,2024-02-06,618,35.48
323,32,3,2023-09-14,B32_20230914,2024-03-12,526,35.48
324,32,3,2023-10-19,B32_20231019,2024-04-16,689,35.48
325,32,3,2023-12-01,B32_20231201,2024-05-29,613,35.48
326,32,3,2024-01-10,B32_20240110,2024-07-08,594,35.48
327,32,3,2024-02-28,B32_20240228,2024-08-26,674,35.48
328,33,3,2023-04-01,B33_20230401,2023-09-28,896,24.48
329,33,3,2023-05-19,B33_20230519,2023-11-15,811,24.48
330,33,3,2023-07-08,B33_20230708,2024-01-04,889,24.48
331,33,3,2023-08-27,B33_20230827,2024-02-23,744,24.48
332,33,3,2023-10-11,B33_20231011,2024-04-08,738,24.48
333,33,3,2023-11-18,B33_20231118,2024-05-16,863,24.48
334,33,3,2024-01-02,B33_20240102,2024-06-30,759,24.48
335,33,3,2024-02-21,B33_20240221,2024-08-19,730,24.48
336,34,1,2023-04-01,B34_20230401,2023-09-28,656,44.23
337,34,1,2023-05-07,B34_20230507,2023-11-03,591,44.23
338,34,1,2023-06-21,B34_20230621,2023-12-18,555,44.23
339,34,1,2023-07-29,B34_20230729,2024-01-25,684,44.23
340,34,1,2023-09-14,B34_20230914,2024-03-12,665,44.23
341,34,1,2023-10-19,B34_20231019,2024-04-16,628,44.23
342,34,1,2023-12-07,B34_20231207,2024-06-04,584,44.23
343,34,1,2024-01-17,B34_20240117,2024-07-15,603,44.23
344,34,1,2024-03-07,B34_20240307,2024-09-03,622,44.23
345,35,1,2023-04-01,B35_20230401,2023-09-28,546,28.38
346,35,1,2023-05-10,B35_20230510,2023-11-06,676,28.38
347,35,1,2023-06-28,B35_20230628,2023-12-25,668,28.38
348,35,1,2023-08-17,B35_20230817,2024-02-13,531,28.38
349,35,1,2023-09-28,B35_20230928,2024-03-26,637,28.38
350,35,1,2023-11-11,B35_20231111,2024-05-09,609,28.38
351,35,1,2023-12-29,B35_20231229,2024-06-26,526,28.38
352,35,1,2024-02-05,B35_20240205,2024-08-03,593,28.38
353,35,1,2024-03-14,B35_20240314,2024-09-10,626,28.38
354,36,1,2023-04-01,B36_20230401,2023-09-28,579,9.19
355,36,1,2023-05-14,B36_20230514,2023-11-10,529,9.19
356,36,1,2023-07-03,B36_20230703,2023-12-30,511,9.19
357,36,1,2023-08-19,B36_20230819,2024-02-15,509,9.19
358,36,1,2023-09-27,B36_20230927,2024-03-25,566,9.19
359,36,1,2023-11-14,B36_20231114,2024-05-12,562,9.19
360,36,1,2023-12-27,B36_20231227,2024-06-24,561,9.19
361,36,1,2024-02-09,B36_20240209,2024-08-07,615,9.19
362,36,1,2024-03-30,B36_20240330,2024-09-26,596,9.19
363,37,1,2023-04-01,B37_20230401,2023-09-28,953,28.42
364,37,1,2023-06-22,B37_20230622,2023-12-19,1078,28.42
365,37,1,2023-09-07,B37_20230907,2024-03-05,986,28.42
366,37,1,2023-11-21,B37_20231121,2024-05-19,1110,28.42
367,37,1,2024-02-16,B37_20240216,2024-08-14,921,28.42
368,38,2,2023-04-01,B38_20230401,2023-09-28,552,28.11
369,38,2,2023-05-19,B38_20230519,2023-11-15,517,28.11
370,38,2,2023-07-08,B38_20230708,2024-01-04,636,28.11
371,38,2,2023-08-24,B38_20230824,2024-02-20,579,28.11
372,38,2,2023-10-02,B38_20231002,2024-03-30,599,28.11
373,38,2,2023-11-07,B38_20231107,2024-05-05,532,28.11
374,38,2,2023-12-22,B38_20231222,2024-06-19,666,28.11
375,38,2,2024-02-09,B38_20240209,2024-08-07,527,28.11
376,38,2,2024-03-29,B38_20240329,2024-09-25,512,28.11
377,39,2,2023-04-01,B39_20230401,2023-09-28,389,31.89
378,39,2,2023-04-21,B39_20230421,2023-10-18,348,31.89
379,39,2,2023-05-13,B39_20230513,2023-11-09,380,31.89
380,39,2,2023-06-06,B39_20230606,2023-12-03,417,31.89
381,39,2,2023-06-29,B39_20230629,2023-12-26,442,31.89
382,39,2,2023-07-23,B39_20230723,2024-01-19,454,31.89
383,39,2,2023-08-17,B39_20230817,2024-02-13,444,31.89
384,39,2,2023-09-04,B39_20230904,2024-03-02,414,31.89
385,39,2,2023-09-25,B39_20230925,2024-03-23,415,31.89
386,39,2,2023-10-17,B39_20231017,2024-04-14,459,31.89
387,39,2,2023-11-05,B39_20231105,2024-05-03,392,31.89
388,39,2,2023-11-24,B39_20231124,2024-05-22,431,31.89
389,39,2,2023-12-13,B39_20231213,2024-06-10,393,31.89
390,39,2,2024-01-04,B39_20240104,2024-07-02,448,31.89
391,39,2,2024-01-22,B39_20240122,2024-07-20,378,31.89
392,39,2,2024-02-09,B39_20240209,2024-08-07,375,31.89
393,39,2,2024-03-03,B39_20240303,2024-08-30,391,31.89
394,39,2,2024-03-24,B39_20240324,2024-09-20,403,31.89
395,40,2,2023-04-01,B40_20230401,2023-09-28,1477,9.74
396,40,2,2023-07-02,B40_20230702,2023-12-29,1696,9.74
397,40,2,2023-09-20,B40_20230920,2024-03-18,1857,9.74
398,40,2,2023-12-08,B40_20231208,2024-06-05,1785,9.74
399,40,2,2024-03-03,B40_20240303,2024-08-30,1519,9.74
400,41,5,2023-04-01,B41_20230401,2023-07-30,1247,48.16
401,41,5,2023-06-07,B41_20230607,2023-10-05,1279,48.16
402,41,5,2023-08-29,B41_20230829,2023-12-27,1310,48.16
403,41,5,2023-11-24,B41_20231124,2024-03-23,1273,48.16
404,41,5,2024-02-03,B41_20240203,2024-06-02,1584,48.16
405,42,4,2023-04-01,B42_20230401,2023-07-30,368,35.8
406,42,4,2023-04-24,B42_20230424,2023-08-22,408,35.8
407,42,4,2023-05-16,B42_20230516,2023-09-13,342,35.8
408,42,4,2023-06-09,B42_20230609,2023-10-07,372,35.8
409,42,4,2023-06-27,B42_20230627,2023-10-25,449,35.8
410,42,4,2023-07-22,B42_20230722,2023-11-19,439,35.8
411,42,4,2023-08-13,B42_20230813,2023-12-11,433,35.8
412,42,4,2023-09-03,B42_20230903,2024-01-01,412,35.8
413,42,4,2023-09-26,B42_20230926,2024-01-24,366,35.8
414,42,4,2023-10-17,B42_20231017,2024-02-14,414,35.8
415,42,4,2023-11-06,B42_20231106,2024-03-05,415,35.8
416,42,4,2023-11-24,B42_20231124,2024-03-23,377,35.8
417,42,4,2023-12-19,B42_20231219,2024-04-17,344,35.8
418,42,4,2024-01-11,B42_20240111,2024-05-10,427,35.8
419,42,4,2024-01-30,B42_20240130,2024-05-29,449,35.8
420,42,4,2024-02-22,B42_20240222,2024-06-21,429,35.8
421,42,4,2024-03-13,B42_20240313,2024-07-11,364,35.8
422,43,4,2023-04-01,B43_20230401,2023-07-30,1009,32.26
423,43,4,2023-07-04,B43_20230704,2023-11-01,931,32.26
424,43,4,2023-09-12,B43_20230912,2024-01-10,927,32.26
425,43,4,2023-12-12,B43_20231212,2024-04-10,1133,32.26
426,43,4,2024-03-16,B43_20240316,2024-07-14,1091,32.26
427,44,4,2023-04-01,B44_20230401,2023-07-30,444,46.26
428,44,4,2023-04-20,B44_20230420,2023-08-18,396,46.26
429,44,4,2023-05-09,B44_20230509,2023-09-06,356,46.26
430,44,4,2023-05-30,B44_20230530,2023-09-27,443,46.26
431,44,4,2023-06-23,B44_20230623,2023-10-21,456,46.26
432,44,4,2023-07-16,B44_20230716,2023-11-13,350,46.26
433,44,4,2023-08-09,B44_20230809,2023-12-07,341,46.26
434,44,4,2023-08-28,B44_20230828,2023-12-26,394,46.26
435,44,4,2023-09-19,B44_20230919,2024-01-17,410,46.26
436,44,4,2023-10-12,B44_20231012,2024-02-09,353,46.26
437,44,4,2023-11-02,B44_20231102,2024-03-01,396,46.26
438,44,4,2023-11-25,B44_20231125,2024-03-24,449,46.26
439,44,4,2023-12-16,B44_20231216,2024-04-14,417,46.26
440,44,4,2024-01-10,B44_20240110,2024-05-09,449,46.26
441,44,4,2024-02-01,B44_20240201,2024-05-31,417,46.26
442,44,4,2024-02-20,B44_20240220,2024-06-19,356,46.26
443,44,4,2024-03-09,B44_20240309,2024-07-07,376,46.26
444,45,5,2023-04-01,B45_20230401,2023-07-30,1150,15.35
445,45,5,2023-06-12,B45_20230612,2023-10-10,1451,15.35
446,45,5,2023-08-20,B45_20230820,2023-12-18,1256,15.35
447,45,5,2023-11-04,B45_20231104,2024-03-03,1366,15.35
448,45,5,2024-01-31,B45_20240131,2024-05-30,1376,15.35
449,46,6,2023-04-01,B46_20230401,2023-07-30,975,34.52
450,46,6,2023-06-28,B46_20230628,2023-10-26,1067,34.52
451,46,6,2023-09-29,B46_20230929,2024-01-27,974,34.52
452,46,6,2023-12-06,B46_20231206,2024-04-04,1100,34.52
453,46,6,2024-02-28,B46_20240228,2024-06-27,972,34.52
454,47,6,2023-04-01,B47_20230401,2023-07-30,728,8.93
455,47,6,2023-05-17,B47_20230517,2023-09-14,713,8.93
456,47,6,2023-07-05,B47_20230705,2023-11-02,885,8.93
457,47,6,2023-08-20,B47_20230820,2023-12-18,686,8.93
458,47,6,2023-10-05,B47_20231005,2024-02-02,790,8.93
459,47,6,2023-11-20,B47_20231120,2024-03-19,677,8.93
460,47,6,2024-01-02,B47_20240102,2024-05-01,707,8.93
461,47,6,2024-02-09,B47_20240209,2024-06-08,885,8.93
462,47,6,2024-03-29,B47_20240329,2024-07-27,684,8.93
463,48,5,2023-04-01,B48_20230401,2023-07-30,813,13.0
464,48,5,2023-05-06,B48_20230506,2023-09-03,674,13.0
465,48,5,2023-06-20,B48_20230620,2023-10-18,719,13.0
466,48,5,2023-07-29,B48_20230729,2023-11-26,847,13.0
467,48,5,2023-09-08,B48_20230908,2024-01-06,679,13.0
468,48,5,2023-10-19,B48_20231019,2024-02-16,800,13.0
469,48,5,2023-11-30,B48_20231130,2024-03-29,739,13.0
470,48,5,2024-01-08,B48_20240108,2024-05-07,847,13.0
471,48,5,2024-02-12,B48_20240212,2024-06-11,727,13.0
472,48,5,2024-03-22,B48_20240322,2024-07-20,894,13.0
473,49,5,2023-04-01,B49_20230401,2023-07-30,653,47.02
474,49,5,2023-05-09,B49_20230509,2023-09-06,628,47.02
475,49,5,2023-06-13,B49_20230613,2023-10-11,533,47.02
476,49,5,2023-07-29,B49_20230729,2023-11-26,652,47.02
477,49,5,2023-09-09,B49_20230909,2024-01-07,615,47.02
478,49,5,2023-10-14,B49_20231014,2024-02-11,541,47.02
479,49,5,2023-11-19,B49_20231119,2024-03-18,532,47.02
480,49,5,2024-01-06,B49_20240106,2024-05-05,604,47.02
481,49,5,2024-02-12,B49_20240212,2024-06-11,595,47.02
482,49,5,2024-03-29,B49_20240329,2024-07-27,602,47.02
483,50,4,2023-04-01,B50_20230401,2023-07-30,768,21.43
484,50,4,2023-05-13,B50_20230513,2023-09-10,884,21.43
485,50,4,2023-06-18,B50_20230618,2023-10-16,833,21.43
486,50,4,2023-08-01,B50_20230801,2023-11-29,770,21.43
487,50,4,2023-09-05,B50_20230905,2024-01-03,677,21.43
488,50,4,2023-10-25,B50_20231025,2024-02-22,861,21.43
489,50,4,2023-12-12,B50_20231212,2024-04-10,823,21.43
490,50,4,2024-01-31,B50_20240131,2024-05-30,829,21.43
491,50,4,2024-03-20,B50_20240320,2024-07-18,680,21.43
492,51,5,2023-04-01,B51_20230401,2023-07-30,567,38.04
493,51,5,2023-05-10,B51_20230510,2023-09-07,521,38.04
494,51,5,2023-06-22,B51_20230622,2023-10-20,622,38.04
495,51,5,2023-08-06,B51_20230806,2023-12-04,578,38.04
496,51,5,2023-09-19,B51_20230919,2024-01-17,591,38.04
497,51,5,2023-11-06,B51_20231106,2024-03-05,527,38.04
498,51,5,2023-12-14,B51_20231214,2024-04-12,663,38.04
499,51,5,2024-01-24,B51_20240124,2024-05-23,587,38.04
500,51,5,2024-03-06,B51_20240306,2024-07-04,584,38.04
501,52,6,2023-04-01,B52_20230401,2023-07-30,1260,19.28
502,52,6,2023-06-28,B52_20230628,2023-10-26,1142,19.28
503,52,6,2023-09-14,B52_20230914,2024-01-12,1226,19.28
504,52,6,2023-11-26,B52_20231126,2024-03-25,1250,19.28
505,52,6,2024-02-03,B52_20240203,2024-06-02,1372,19.28
506,53,4,2023-04-01,B53_20230401,2023-07-30,522,35.81
507,53,4,2023-05-08,B53_20230508,2023-09-05,526,35.81
508,53,4,2023-06-15,B53_20230615,2023-10-13,644,35.81
509,53,4,2023-07-31,B53_20230731,2023-11-28,656,35.81
510,53,4,2023-09-05,B53_20230905,2024-01-03,615,35.81
511,53,4,2023-10-20,B53_20231020,2024-02-17,630,35.81
512,53,4,2023-12-07,B53_20231207,2024-04-05,573,35.81
513,53,4,2024-01-24,B53_20240124,2024-05-23,666,35.81
514,53,4,2024-02-29,B53_20240229,2024-06-28,684,35.81
515,54,4,2023-04-01,B54_20230401,2023-07-30,745,23.84
516,54,4,2023-05-12,B54_20230512,2023-09-09,699,23.84
517,54,4,2023-07-01,B54_20230701,2023-10-29,715,23.84
518,54,4,2023-08-08,B54_20230808,2023-12-06,744,23.84
519,54,4,2023-09-23,B54_20230923,2024-01-21,689,23.84
520,54,4,2023-11-05,B54_20231105,2024-03-04,797,23.84
521,54,4,2023-12-23,B54_20231223,2024-04-21,860,23.84
522,54,4,2024-01-27,B54_20240127,2024-05-26,805,23.84
523,54,4,2024-03-10,B54_20240310,2024-07-08,669,23.84
524,55,5,2023-04-01,B55_20230401,2023-07-30,1060,41.06
525,55,5,2023-06-14,B55_20230614,2023-10-12,1126,41.06
526,55,5,2023-08-29,B55_20230829,2023-12-27,851,41.06
527,55,5,2023-11-29,B55_20231129,2024-03-28,892,41.06
528,55,5,2024-02-23,B55_20240223,2024-06-22,970,41.06
529,56,5,2023-04-01,B56_20230401,2023-07-30,1945,9.39
530,56,5,2023-06-07,B56_20230607,2023-10-05,1790,9.39
531,56,5,2023-08-24,B56_20230824,2023-12-22,1632,9.39
532,56,5,2023-11-06,B56_20231106,2024-03-05,1894,9.39
533,56,5,2024-01-28,B56_20240128,2024-05-27,1849,9.39
534,57,6,2023-04-01,B57_20230401,2023-07-30,358,32.0
535,57,6,2023-04-19,B57_20230419,2023-08-17,420,32.0
536,57,6,2023-05-11,B57_20230511,2023-09-08,393,32.0
537,57,6,2023-06-04,B57_20230604,2023-10-02,398,32.0
538,57,6,2023-06-29,B57_20230629,2023-10-27,389,32.0
539,57,6,2023-07-20,B57_20230720,2023-11-17,430,32.0
540,57,6,2023-08-08,B57_20230808,2023-12-06,381,32.0
541,57,6,2023-08-27,B57_20230827,2023-12-25,373,32.0
542,57,6,2023-09-21,B57_20230921,2024-01-19,403,32.0
543,57,6,2023-10-13,B57_20231013,2024-02-10,345,32.0
544,57,6,2023-11-06,B57_20231106,2024-03-05,458,32.0
545,57,6,2023-11-24,B57_20231124,2024-03-23,340,32.0
546,57,6,2023-12-16,B57_20231216,2024-04-14,453,32.0
547,57,6,2024-01-05,B57_20240105,2024-05-04,431,32.0
548,57,6,2024-01-27,B57_20240127,2024-05-26,379,32.0
549,57,6,2024-02-14,B57_20240214,2024-06-13,399,32.0
550,57,6,2024-03-09,B57_20240309,2024-07-07,361,32.0
551,58,6,2023-04-01,B58_20230401,2023-07-30,1312,15.55
552,58,6,2023-06-12,B58_20230612,2023-10-10,1300,15.55
553,58,6,2023-09-11,B58_20230911,2024-01-09,1365,15.55
554,58,6,2023-11-26,B58_20231126,2024-03-25,1133,15.55
555,58,6,2024-02-26,B58_20240226,2024-06-25,1394,15.55
556,59,5,2023-04-01,B59_20230401,2023-07-30,513,47.27
557,59,5,2023-05-08,B59_20230508,2023-09-05,665,47.27
558,59,5,2023-06-25,B59_20230625,2023-10-23,613,47.27
559,59,5,2023-08-12,B59_20230812,2023-12-10,562,47.27
560,59,5,2023-09-28,B59_20230928,2024-01-26,513,47.27
561,59,5,2023-11-12,B59_20231112,2024-03-11,540,47.27
562,59,5,2023-12-31,B59_20231231,2024-04-29,659,47.27
563,59,5,2024-02-15,B59_20240215,2024-06-14,525,47.27
564,59,5,2024-03-24,B59_20240324,2024-07-22,553,47.27
565,60,4,2023-04-01,B60_20230401,2023-07-30,785,18.19
566,60,4,2023-05-18,B60_20230518,2023-09-15,866,18.19
567,60,4,2023-07-02,B60_20230702,2023-10-30,714,18.19
568,60,4,2023-08-11,B60_20230811,2023-12-09,680,18.19
569,60,4,2023-09-18,B60_20230918,2024-01-16,787,18.19
570,60,4,2023-10-29,B60_20231029,2024-02-26,874,18.19
571,60,4,2023-12-14,B60_20231214,2024-04-12,745,18.19
572,60,4,2024-01-22,B60_20240122,2024-05-21,718,18.19
573,60,4,2024-03-01,B60_20240301,2024-06-29,722,18.19
574,61,4,2023-04-01,B61_20230401,2023-07-30,618,41.94
575,61,4,2023-05-08,B61_20230508,2023-09-05,541,41.94
576,61,4,2023-06-27,B61_20230627,2023-10-25,593,41.94
577,61,4,2023-08-15,B61_20230815,2023-12-13,632,41.94
578,61,4,2023-09-29,B61_20230929,2024-01-27,665,41.94
579,61,4,2023-11-13,B61_20231113,2024-03-12,537,41.94
580,61,4,2023-12-20,B61_20231220,2024-04-18,594,41.94
581,61,4,2024-02-02,B61_20240202,2024-06-01,653,41.94
582,61,4,2024-03-09,B61_20240309,2024-07-07,573,41.94
583,62,5,2023-04-01,B62_20230401,2023-07-30,943,40.53
584,62,5,2023-06-19,B62_20230619,2023-10-17,861,40.53
585,62,5,2023-09-03,B62_20230903,2024-01-01,1099,40.53
586,62,5,2023-11-09,B62_20231109,2024-03-08,1043,40.53
587,62,5,2024-02-09,B62_20240209,2024-06-08,877,40.53
588,63,4,2023-04-01,B63_20230401,2023-07-30,400,50.55
589,63,4,2023-04-26,B63_20230426,2023-08-24,409,50.55
590,63,4,2023-05-14,B63_20230514,2023-09-11,393,50.55
591,63,4,2023-06-04,B63_20230604,2023-10-02,378,50.55
592,63,4,2023-06-29,B63_20230629,2023-10-27,400,50.55
593,63,4,2023-07-17,B63_20230717,2023-11-14,394,50.55
594,63,4,2023-08-09,B63_20230809,2023-12-07,457,50.55
595,63,4,2023-08-28,B63_20230828,2023-12-26,400,50.55
596,63,4,2023-09-17,B63_20230917,2024-01-15,344,50.55
597,63,4,2023-10-12,B63_20231012,2024-02-09,458,50.55
598,63,4,2023-11-01,B63_20231101,2024-02-29,383,50.55
599,63,4,2023-11-23,B63_20231123,2024-03-22,386,50.55
600,63,4,2023-12-16,B63_20231216,2024-04-14,421,50.55
601,63,4,2024-01-03,B63_20240103,2024-05-02,434,50.55
602,63,4,2024-01-26,B63_20240126,2024-05-25,347,50.55
603,63,4,2024-02-14,B63_20240214,2024-06-13,406,50.55
604,63,4,2024-03-09,B63_20240309,2024-07-07,374,50.55
605,63,4,2024-03-29,B63_20240329,2024-07-27,380,50.55
606,64,5,2023-04-01,B64_20230401,2023-07-30,877,16.2
607,64,5,2023-05-15,B64_20230515,2023-09-12,889,16.2
608,64,5,2023-07-01,B64_20230701,2023-10-29,693,16.2
609,64,5,2023-08-07,B64_20230807,2023-12-05,735,16.2
610,64,5,2023-09-23,B64_20230923,2024-01-21,813,16.2
611,64,5,2023-11-07,B64_20231107,2024-03-06,853,16.2
612,64,5,2023-12-14,B64_20231214,2024-04-12,814,16.2
613,64,5,2024-01-31,B64_20240131,2024-05-30,781,16.2
614,64,5,2024-03-06,B64_20240306,2024-07-04,747,16.2
615,65,5,2023-04-01,B65_20230401,2023-07-30,681,45.73
616,65,5,2023-05-16,B65_20230516,2023-09-13,680,45.73
617,65,5,2023-07-05,B65_20230705,2023-11-02,544,45.73
618,65,5,2023-08-13,B65_20230813,2023-12-11,537,45.73
619,65,5,2023-09-26,B65_20230926,2024-01-24,661,45.73
620,65,5,2023-11-03,B65_20231103,2024-03-02,601,45.73
621,65,5,2023-12-09,B65_20231209,2024-04-07,629,45.73
622,65,5,2024-01-17,B65_20240117,2024-05-16,617,45.73
623,65,5,2024-02-25,B65_20240225,2024-06-24,539,45.73
624,66,5,2023-04-01,B66_20230401,2023-07-30,1066,44.17
625,66,5,2023-06-06,B66_20230606,2023-10-04,973,44.17
626,66,5,2023-08-31,B66_20230831,2023-12-29,1065,44.17
627,66,5,2023-11-18,B66_20231118,2024-03-17,1033,44.17
628,66,5,2024-02-15,B66_20240215,2024-06-14,1074,44.17
629,67,4,2023-04-01,B67_20230401,2023-07-30,478,18.15
630,67,4,2023-04-22,B67_20230422,2023-08-20,490,18.15
631,67,4,2023-05-17,B67_20230517,2023-09-14,583,18.15
632,67,4,2023-06-07,B67_20230607,2023-10-05,499,18.15
633,67,4,2023-07-02,B67_20230702,2023-10-30,514,18.15
634,67,4,2023-07-24,B67_20230724,2023-11-21,563,18.15
635,67,4,2023-08-17,B67_20230817,2023-12-15,592,18.15
636,67,4,2023-09-07,B67_20230907,2024-01-05,566,18.15
637,67,4,2023-09-27,B67_20230927,2024-01-25,578,18.15
638,67,4,2023-10-15,B67_20231015,2024-02-12,542,18.15
639,67,4,2023-11-07,B67_20231107,2024-03-06,528,18.15
640,67,4,2023-11-26,B67_20231126,2024-03-25,552,18.15
641,67,4,2023-12-15,B67_20231215,2024-04-13,486,18.15
642,67,4,2024-01-04,B67_20240104,2024-05-03,484,18.15
643,67,4,2024-01-24,B67_20240124,2024-05-23,571,18.15
644,67,4,2024-02-12,B67_20240212,2024-06-11,589,18.15
645,67,4,2024-03-04,B67_20240304,2024-07-02,569,18.15
646,67,4,2024-03-27,B67_20240327,2024-07-25,587,18.15
647,68,5,2023-04-01,B68_20230401,2023-07-30,895,21.73
648,68,5,2023-05-13,B68_20230513,2023-09-10,950,21.73
649,68,5,2023-06-24,B68_20230624,2023-10-22,930,21.73
650,68,5,2023-08-08,B68_20230808,2023-12-06,1077,21.73
651,68,5,2023-09-21,B68_20230921,2024-01-19,1159,21.73
652,68,5,2023-10-30,B68_20231030,2024-02-27,1109,21.73
653,68,5,2023-12-04,B68_20231204,2024-04-02,1096,21.73
654,68,5,2024-01-14,B68_20240114,2024-05-13,1143,21.73
655,68,5,2024-03-02,B68_20240302,2024-06-30,891,21.73
656,69,4,2023-04-01,B69_20230401,2023-07-30,1152,9.95
657,69,4,2023-06-12,B69_20230612,2023-10-10,1268,9.95
658,69,4,2023-09-10,B69_20230910,2024-01-08,1347,9.95
659,69,4,2023-11-16,B69_20231116,2024-03-15,1148,9.95
660,69,4,2024-02-17,B69_20240217,2024-06-16,1299,9.95
661,70,5,2023-04-01,B70_20230401,2023-07-30,512,45.33
662,70,5,2023-05-13,B70_20230513,2023-09-10,639,45.33
663,70,5,2023-06-26,B70_20230626,2023-10-24,587,45.33
664,70,5,2023-08-11,B70_20230811,2023-12-09,553,45.33
665,70,5,2023-09-28,B70_20230928,2024-01-26,543,45.33
666,70,5,2023-11-04,B70_20231104,2024-03-03,604,45.33
667,70,5,2023-12-20,B70_20231220,2024-04-18,522,45.33
668,70,5,2024-01-24,B70_20240124,2024-05-23,580,45.33
669,70,5,2024-03-14,B70_20240314,2024-07-12,517,45.33
670,71,5,2023-04-01,B71_20230401,2023-07-30,1144,37.02
671,71,5,2023-06-13,B71_20230613,2023-10-11,1074,37.02
672,71,5,2023-08-28,B71_20230828,2023-12-26,1086,37.02
673,71,5,2023-11-12,B71_20231112,2024-03-11,922,37.02
674,71,5,2024-02-06,B71_20240206,2024-06-05,1038,37.02
675,72,6,2023-04-01,B72_20230401,2023-07-30,558,50.93
676,72,6,2023-04-21,B72_20230421,2023-08-19,459,50.93
677,72,6,2023-05-11,B72_20230511,2023-09-08,594,50.93
678,72,6,2023-06-05,B72_20230605,2023-10-03,570,50.93
679,72,6,2023-06-24,B72_20230624,2023-10-22,592,50.93
680,72,6,2023-07-12,B72_20230712,2023-11-09,471,50.93
681,72,6,2023-08-02,B72_20230802,2023-11-30,578,50.93
682,72,6,2023-08-24,B72_20230824,2023-12-22,561,50.93
683,72,6,2023-09-18,B72_20230918,2024-01-16,504,50.93
684,72,6,2023-10-09,B72_20231009,2024-02-06,516,50.93
685,72,6,2023-10-27,B72_20231027,2024-02-24,576,50.93
686,72,6,2023-11-15,B72_20231115,2024-03-14,573,50.93
687,72,6,2023-12-09,B72_20231209,2024-04-07,594,50.93
688,72,6,2024-01-02,B72_20240102,2024-05-01,486,50.93
689,72,6,2024-01-27,B72_20240127,2024-05-26,526,50.93
690,72,6,2024-02-18,B72_20240218,2024-06-17,592,50.93
691,72,6,2024-03-08,B72_20240308,2024-07-06,548,50.93
692,72,6,2024-03-28,B72_20240328,2024-07-26,526,50.93
693,73,5,2023-04-01,B73_20230401,2023-07-30,569,33.21
694,73,5,2023-05-15,B73_20230515,2023-09-12,565,33.21
695,73,5,2023-07-02,B73_20230702,2023-10-30,539,33.21
696,73,5,2023-08-20,B73_20230820,2023-12-18,573,33.21
697,73,5,2023-09-25,B73_20230925,2024-01-23,640,33.21
698,73,5,2023-11-10,B73_20231110,2024-03-09,620,33.21
699,73,5,2023-12-28,B73_20231228,2024-04-26,559,33.21
700,73,5,2024-02-02,B73_20240202,2024-06-01,523,33.21
701,73,5,2024-03-20,B73_20240320,2024-07-18,575,33.21
702,74,4,2023-04-01,B74_20230401,2023-07-30,1135,35.16
703,74,4,2023-06-09,B74_20230609,2023-10-07,1104,35.16
704,74,4,2023-09-03,B74_20230903,2024-01-01,1084,35.16
705,74,4,2023-11-08,B74_20231108,2024-03-07,887,35.16
706,74,4,2024-01-19,B74_20240119,2024-05-18,1083,35.16
707,75,5,2023-04-01,B75_20230401,2023-07-30,575,35.25
708,75,5,2023-05-07,B75_20230507,2023-09-04,618,35.25
709,75,5,2023-06-25,B75_20230625,2023-10-23,680,35.25
710,75,5,2023-08-10,B75_20230810,2023-12-08,589,35.25
711,75,5,2023-09-16,B75_20230916,2024-01-14,613,35.25
712,75,5,2023-11-01,B75_20231101,2024-02-29,581,35.25
713,75,5,2023-12-14,B75_20231214,2024-04-12,554,35.25
714,75,5,2024-01-21,B75_20240121,2024-05-20,514,35.25
715,75,5,2024-03-01,B75_20240301,2024-06-29,599,35.25
716,76,5,2023-04-01,B76_20230401,2023-07-30,1461,17.51
717,76,5,2023-06-08,B76_20230608,2023-10-06,1207,17.51
718,76,5,2023-08-20,B76_20230820,2023-12-18,1379,17.51
719,76,5,2023-10-30,B76_20231030,2024-02-27,1493,17.51
720,76,5,2024-01-12,B76_20240112,2024-05-11,1375,17.51
721,77,5,2023-04-01,B77_20230401,2023-07-30,910,30.95
722,77,5,2023-06-09,B77_20230609,2023-10-07,1105,30.95
723,77,5,2023-08-27,B77_20230827,2023-12-25,901,30.95
724,77,5,2023-11-22,B77_20231122,2024-03-21,983,30.95
725,77,5,2024-01-28,B77_20240128,2024-05-27,1093,30.95
726,78,6,2023-04-01,B78_20230401,2023-07-30,1103,49.21
727,78,6,2023-06-15,B78_20230615,2023-10-13,1050,49.21
728,78,6,2023-09-10,B78_20230910,2024-01-08,869,49.21
729,78,6,2023-12-01,B78_20231201,2024-03-30,937,49.21
730,78,6,2024-02-13,B78_20240213,2024-06-12,1105,49.21
731,79,4,2023-04-01,B79_20230401,2023-07-30,637,26.91
732,79,4,2023-05-11,B79_20230511,2023-09-08,652,26.91
733,79,4,2023-06-22,B79_20230622,2023-10-20,531,26.91
734,79,4,2023-08-02,B79_20230802,2023-11-30,652,26.91
735,79,4,2023-09-13,B79_20230913,2024-01-11,652,26.91
736,79,4,2023-10-18,B79_20231018,2024-02-15,574,26.91
737,79,4,2023-12-03,B79_20231203,2024-04-01,594,26.91
738,79,4,2024-01-11,B79_20240111,2024-05-10,620,26.91
739,79,4,2024-02-17,B79_20240217,2024-06-16,521,26.91
740,80,5,2023-04-01,B80_20230401,2023-07-30,1494,22.04
741,80,5,2023-06-28,B80_20230628,2023-10-26,1291,22.04
742,80,5,2023-09-14,B80_20230914,2024-01-12,1404,22.04
743,80,5,2023-12-14,B80_20231214,2024-04-12,1329,22.04
744,80,5,2024-02-21,B80_20240221,2024-06-20,1484,22.04
745,81,6,2023-04-01,B81_20230401,2023-07-30,523,30.65
746,81,6,2023-05-20,B81_20230520,2023-09-17,632,30.65
747,81,6,2023-07-05,B81_20230705,2023-11-02,533,30.65
748,81,6,2023-08-14,B81_20230814,2023-12-12,648,30.65
749,81,6,2023-09-22,B81_20230922,2024-01-20,587,30.65
750,81,6,2023-10-28,B81_20231028,2024-02-25,659,30.65
751,81,6,2023-12-06,B81_20231206,2024-04-04,564,30.65
752,81,6,2024-01-15,B81_20240115,2024-05-14,568,30.65
753,81,6,2024-02-26,B81_20240226,2024-06-25,572,30.65
754,82,5,2023-04-01,B82_20230401,2023-07-30,441,39.13
755,82,5,2023-04-23,B82_20230423,2023-08-21,363,39.13
756,82,5,2023-05-15,B82_20230515,2023-09-12,355,39.13
757,82,5,2023-06-06,B82_20230606,2023-10-04,413,39.13
758,82,5,2023-06-25,B82_20230625,2023-10-23,400,39.13
759,82,5,2023-07-15,B82_20230715,2023-11-12,411,39.13
760,82,5,2023-08-04,B82_20230804,2023-12-02,360,39.13
761,82,5,2023-08-27,B82_20230827,2023-12-25,441,39.13
762,82,5,2023-09-14,B82_20230914,2024-01-12,439,39.13
763,82,5,2023-10-02,B82_20231002,2024-01-30,349,39.13
764,82,5,2023-10-24,B82_20231024,2024-02-21,418,39.13
765,82,5,2023-11-17,B82_20231117,2024-03-16,414,39.13
766,82,5,2023-12-05,B82_20231205,2024-04-03,399,39.13
767,82,5,2023-12-27,B82_20231227,2024-04-25,417,39.13
768,82,5,2024-01-18,B82_20240118,2024-05-17,397,39.13
769,82,5,2024-02-11,B82_20240211,2024-06-10,375,39.13
770,82,5,2024-03-01,B82_20240301,2024-06-29,422,39.13
771,82,5,2024-03-21,B82_20240321,2024-07-19,392,39.13
772,83,4,2023-04-01,B83_20230401,2023-07-30,989,38.1
773,83,4,2023-06-15,B83_20230615,2023-10-13,1031,38.1
774,83,4,2023-08-29,B83_20230829,2023-12-27,1108,38.1
775,83,4,2023-11-12,B83_20231112,2024-03-11,1070,38.1
776,83,4,2024-02-12,B83_20240212,2024-06-11,953,38.1
777,84,6,2023-04-01,B84_20230401,2023-07-30,355,36.09
778,84,6,2023-04-24,B84_20230424,2023-08-22,401,36.09
779,84,6,2023-05-13,B84_20230513,2023-09-10,378,36.09
780,84,6,2023-06-07,B84_20230607,2023-10-05,354,36.09
781,84,6,2023-07-02,B84_20230702,2023-10-30,369,36.09
782,84,6,2023-07-21,B84_20230721,2023-11-18,346,36.09
783,84,6,2023-08-14,B84_20230814,2023-12-12,443,36.09
784,84,6,2023-09-07,B84_20230907,2024-01-05,369,36.09
785,84,6,2023-09-27,B84_20230927,2024-01-25,437,36.09
786,84,6,2023-10-20,B84_20231020,2024-02-17,362,36.09
787,84,6,2023-11-09,B84_20231109,2024-03-08,399,36.09
788,84,6,2023-12-04,B84_20231204,2024-04-02,399,36.09
789,84,6,2023-12-26,B84_20231226,2024-04-24,399,36.09
790,84,6,2024-01-14,B84_20240114,2024-05-13,453,36.09
791,84,6,2024-02-08,B84_20240208,2024-06-07,456,36.09
792,84,6,2024-02-29,B84_20240229,2024-06-28,410,36.09
793,84,6,2024-03-18,B84_20240318,2024-07-16,346,36.09
794,85,6,2023-04-01,B85_20230401,2023-07-30,1028,22.41
795,85,6,2023-06-26,B85_20230626,2023-10-24,911,22.41
796,85,6,2023-09-26,B85_20230926,2024-01-24,718,22.41
797,85,6,2023-12-08,B85_20231208,2024-04-06,1045,22.41
798,85,6,2024-02-22,B85_20240222,2024-06-21,685,22.41
799,86,9,2023-04-01,B86_20230401,2024-03-31,381,163.92
800,86,9,2023-05-15,B86_20230515,2024-05-14,366,163.92
801,86,9,2023-07-03,B86_20230703,2024-07-02,453,163.92
802,86,9,2023-08-15,B86_20230815,2024-08-14,460,163.92
803,86,9,2023-09-22,B86_20230922,2024-09-21,373,163.92
804,86,9,2023-10-30,B86_20231030,2024-10-29,406,163.92
805,86,9,2023-12-14,B86_20231214,2024-12-13,427,163.92
806,86,9,2024-01-29,B86_20240129,2025-01-28,452,163.92
807,86,9,2024-03-10,B86_20240310,2025-03-10,432,163.92
808,87,8,2023-04-01,B87_20230401,2024-03-31,351,110.22
809,87,8,2023-04-21,B87_20230421,2024-04-20,408,110.22
810,87,8,2023-05-16,B87_20230516,2024-05-15,346,110.22
811,87,8,2023-06-05,B87_20230605,2024-06-04,356,110.22
812,87,8,2023-06-25,B87_20230625,2024-06-24,363,110.22
813,87,8,2023-07-17,B87_20230717,2024-07-16,381,110.22
814,87,8,2023-08-11,B87_20230811,2024-08-10,385,110.22
815,87,8,2023-08-29,B87_20230829,2024-08-28,363,110.22
816,87,8,2023-09-22,B87_20230922,2024-09-21,393,110.22
817,87,8,2023-10-10,B87_20231010,2024-10-09,371,110.22
818,87,8,2023-10-31,B87_20231031,2024-10-30,399,110.22
819,87,8,2023-11-20,B87_20231120,2024-11-19,383,110.22
820,87,8,2023-12-14,B87_20231214,2024-12-13,338,110.22
821,87,8,2024-01-01,B87_20240101,2024-12-31,387,110.22
822,87,8,2024-01-22,B87_20240122,2025-01-21,310,110.22
823,87,8,2024-02-11,B87_20240211,2025-02-10,349,110.22
824,87,8,2024-03-07,B87_20240307,2025-03-07,423,110.22
825,87,8,2024-03-25,B87_20240325,2025-03-25,394,110.22
826,88,9,2023-04-01,B88_20230401,2024-03-31,638,165.37
827,88,9,2023-05-18,B88_20230518,2024-05-17,505,165.37
828,88,9,2023-07-02,B88_20230702,2024-07-01,575,165.37
829,88,9,2023-08-14,B88_20230814,2024-08-13,554,165.37
830,88,9,2023-09-25,B88_20230925,2024-09-24,507,165.37
831,88,9,2023-11-08,B88_20231108,2024-11-07,615,165.37
832,88,9,2023-12-28,B88_20231228,2024-12-27,516,165.37
833,88,9,2024-02-09,B88_20240209,2025-02-08,525,165.37
834,88,9,2024-03-27,B88_20240327,2025-03-27,615,165.37
835,89,9,2023-04-01,B89_20230401,2024-03-31,1090,161.5
836,89,9,2023-06-14,B89_20230614,2024-06-13,841,161.5
837,89,9,2023-08-20,B89_20230820,2024-08-19,878,161.5
838,89,9,2023-11-01,B89_20231101,2024-10-31,964,161.5
839,89,9,2024-01-31,B89_20240131,2025-01-30,984,161.5
840,90,7,2023-04-01,B90_20230401,2024-03-31,391,120.68
841,90,7,2023-05-09,B90_20230509,2024-05-08,434,120.68
842,90,7,2023-06-20,B90_20230620,2024-06-19,387,120.68
843,90,7,2023-08-01,B90_20230801,2024-07-31,437,120.68
844,90,7,2023-09-06,B90_20230906,2024-09-05,369,120.68
845,90,7,2023-10-21,B90_20231021,2024-10-20,447,120.68
846,90,7,2023-11-28,B90_20231128,2024-11-27,442,120.68
847,90,7,2024-01-06,B90_20240106,2025-01-05,357,120.68
848,90,7,2024-02-15,B90_20240215,2025-02-14,408,120.68
849,91,7,2023-04-01,B91_20230401,2024-03-31,595,88.38
850,91,7,2023-05-12,B91_20230512,2024-05-11,646,88.38
851,91,7,2023-06-25,B91_20230625,2024-06-24,567,88.38
852,91,7,2023-07-31,B91_20230731,2024-07-30,673,88.38
853,91,7,2023-09-06,B91_20230906,2024-09-05,627,88.38
854,91,7,2023-10-18,B91_20231018,2024-10-17,606,88.38
855,91,7,2023-11-23,B91_20231123,2024-11-22,674,88.38
856,91,7,2024-01-02,B91_20240102,2025-01-01,585,88.38
857,91,7,2024-02-11,B91_20240211,2025-02-10,678,88.38
858,91,7,2024-03-18,B91_20240318,2025-03-18,689,88.38
859,92,9,2023-04-01,B92_20230401,2024-03-31,583,137.77
860,92,9,2023-05-15,B92_20230515,2024-05-14,584,137.77
861,92,9,2023-06-22,B92_20230622,2024-06-21,616,137.77
862,92,9,2023-08-10,B92_20230810,2024-08-09,641,137.77
863,92,9,2023-09-29,B92_20230929,2024-09-28,595,137.77
864,92,9,2023-11-17,B92_20231117,2024-11-16,536,137.77
865,92,9,2024-01-01,B92_20240101,2024-12-31,497,137.77
866,92,9,2024-02-13,B92_20240213,2025-02-12,560,137.77
867,92,9,2024-03-29,B92_20240329,2025-03-29,609,137.77
868,93,9,2023-04-01,B93_20230401,2024-03-31,631,172.1
869,93,9,2023-07-02,B93_20230702,2024-07-01,729,172.1
870,93,9,2023-09-17,B93_20230917,2024-09-16,768,172.1
871,93,9,2023-12-07,B93_20231207,2024-12-06,663,172.1
872,93,9,2024-02-22,B93_20240222,2025-02-21,735,172.1
873,94,8,2023-04-01,B94_20230401,2024-03-31,480,101.47
874,94,8,2023-05-21,B94_20230521,2024-05-20,397,101.47
875,94,8,2023-07-02,B94_20230702,2024-07-01,357,101.47
876,94,8,2023-08-18,B94_20230818,2024-08-17,386,101.47
877,94,8,2023-09-30,B94_20230930,2024-09-29,477,101.47
878,94,8,2023-11-13,B94_20231113,2024-11-12,430,101.47
879,94,8,2023-12-18,B94_20231218,2024-12-17,389,101.47
880,94,8,2024-02-02,B94_20240202,2025-02-01,444,101.47
881,94,8,2024-03-09,B94_20240309,2025-03-09,441,101.47
882,95,7,2023-04-01,B95_20230401,2024-03-31,395,109.67
883,95,7,2023-05-18,B95_20230518,2024-05-17,443,109.67
884,95,7,2023-07-01,B95_20230701,2024-06-30,443,109.67
885,95,7,2023-08-14,B95_20230814,2024-08-13,403,109.67
886,95,7,2023-09-25,B95_20230925,2024-09-24,384,109.67
887,95,7,2023-11-03,B95_20231103,2024-11-02,417,109.67
888,95,7,2023-12-22,B95_20231222,2024-12-21,451,109.67
889,95,7,2024-02-06,B95_20240206,2025-02-05,409,109.67
890,95,7,2024-03-27,B95_20240327,2025-03-27,452,109.67
891,96,9,2023-04-01,B96_20230401,2024-03-31,301,140.36
892,96,9,2023-04-20,B96_20230420,2024-04-19,282,140.36
893,96,9,2023-05-13,B96_20230513,2024-05-12,244,140.36
894,96,9,2023-06-01,B96_20230601,2024-05-31,243,140.36
895,96,9,2023-06-22,B96_20230622,2024-06-21,286,140.36
896,96,9,2023-07-12,B96_20230712,2024-07-11,251,140.36
897,96,9,2023-08-06,B96_20230806,2024-08-05,247,140.36
898,96,9,2023-08-27,B96_20230827,2024-08-26,298,140.36
899,96,9,2023-09-21,B96_20230921,2024-09-20,245,140.36
900,96,9,2023-10-16,B96_20231016,2024-10-15,305,140.36
901,96,9,2023-11-10,B96_20231110,2024-11-09,249,140.36
902,96,9,2023-12-04,B96_20231204,2024-12-03,276,140.36
903,96,9,2023-12-22,B96_20231222,2024-12-21,284,140.36
904,96,9,2024-01-13,B96_20240113,2025-01-12,298,140.36
905,96,9,2024-02-06,B96_20240206,2025-02-05,259,140.36
906,96,9,2024-02-24,B96_20240224,2025-02-23,300,140.36
907,96,9,2024-03-14,B96_20240314,2025-03-14,241,140.36
908,97,7,2023-04-01,B97_20230401,2024-03-31,445,100.47
909,97,7,2023-05-07,B97_20230507,2024-05-06,474,100.47
910,97,7,2023-06-13,B97_20230613,2024-06-12,481,100.47
911,97,7,2023-08-02,B97_20230802,2024-08-01,360,100.47
912,97,7,2023-09-19,B97_20230919,2024-09-18,379,100.47
913,97,7,2023-10-28,B97_20231028,2024-10-27,453,100.47
914,97,7,2023-12-15,B97_20231215,2024-12-14,404,100.47
915,97,7,2024-01-31,B97_20240131,2025-01-30,413,100.47
916,97,7,2024-03-18,B97_20240318,2025-03-18,404,100.47
917,98,9,2023-04-01,B98_20230401,2024-03-31,572,154.27
918,98,9,2023-05-11,B98_20230511,2024-05-10,631,154.27
919,98,9,2023-06-19,B98_20230619,2024-06-18,575,154.27
920,98,9,2023-07-24,B98_20230724,2024-07-23,631,154.27
921,98,9,2023-09-11,B98_20230911,2024-09-10,588,154.27
922,98,9,2023-10-28,B98_20231028,2024-10-27,593,154.27
923,98,9,2023-12-13,B98_20231213,2024-12-12,481,154.27
924,98,9,2024-01-20,B98_20240120,2025-01-19,487,154.27
925,98,9,2024-02-24,B98_20240224,2025-02-23,488,154.27
926,98,9,2024-03-31,B98_20240331,2025-03-31,558,154.27
927,99,8,2023-04-01,B99_20230401,2024-03-31,387,180.9
928,99,8,2023-05-07,B99_20230507,2024-05-06,407,180.9
929,99,8,2023-06-18,B99_20230618,2024-06-17,425,180.9
930,99,8,2023-07-24,B99_20230724,2024-07-23,374,180.9
931,99,8,2023-09-06,B99_20230906,2024-09-05,386,180.9
932,99,8,2023-10-21,B99_20231021,2024-10-20,429,180.9
933,99,8,2023-12-05,B99_20231205,2024-12-04,386,180.9
934,99,8,2024-01-13,B99_20240113,2025-01-12,481,180.9
935,99,8,2024-02-24,B99_20240224,2025-02-23,409,180.9
936,100,8,2023-04-01,B100_20230401,2024-03-31,607,139.86
937,100,8,2023-07-05,B100_20230705,2024-07-04,719,139.86
938,100,8,2023-10-01,B100_20231001,2024-09-30,786,139.86
939,100,8,2023-12-25,B100_20231225,2024-12-24,737,139.86
940,100,8,2024-03-16,B100_20240316,2025-03-16,699,139.86
941,101,8,2023-04-01,B101_20230401,2024-03-31,792,116.59
942,101,8,2023-06-26,B101_20230626,2024-06-25,675,116.59
943,101,8,2023-09-15,B101_20230915,2024-09-14,661,116.59
944,101,8,2023-12-02,B101_20231202,2024-12-01,680,116.59
945,101,8,2024-02-14,B101_20240214,2025-02-13,674,116.59
946,102,9,2023-04-01,B102_20230401,2024-03-31,283,177.12
947,102,9,2023-04-22,B102_20230422,2024-04-21,309,177.12
948,102,9,2023-05-14,B102_20230514,2024-05-13,310,177.12
949,102,9,2023-06-03,B102_20230603,2024-06-02,305,177.12
950,102,9,2023-06-21,B102_20230621,2024-06-20,285,177.12
951,102,9,2023-07-15,B102_20230715,2024-07-14,284,177.12
952,102,9,2023-08-04,B102_20230804,2024-08-03,270,177.12
953,102,9,2023-08-26,B102_20230826,2024-08-25,255,177.12
954,102,9,2023-09-14,B102_20230914,2024-09-13,315,177.12
955,102,9,2023-10-07,B102_20231007,2024-10-06,245,177.12
956,102,9,2023-10-28,B102_20231028,2024-10-27,242,177.12
957,102,9,2023-11-21,B102_20231121,2024-11-20,294,177.12
958,102,9,2023-12-09,B102_20231209,2024-12-08,311,177.12
959,102,9,2023-12-30,B102_20231230,2024-12-29,305,177.12
960,102,9,2024-01-20,B102_20240120,2025-01-19,278,177.12
961,102,9,2024-02-12,B102_20240212,2025-02-11,263,177.12
962,102,9,2024-03-01,B102_20240301,2025-03-01,255,177.12
963,102,9,2024-03-22,B102_20240322,2025-03-22,318,177.12
964,103,9,2023-04-01,B103_20230401,2024-03-31,751,119.13
965,103,9,2023-06-29,B103_20230629,2024-06-28,695,119.13
966,103,9,2023-09-09,B103_20230909,2024-09-08,741,119.13
967,103,9,2023-12-05,B103_20231205,2024-12-04,637,119.13
968,103,9,2024-03-08,B103_20240308,2025-03-08,645,119.13
969,104,8,2023-04-01,B104_20230401,2024-03-31,757,117.85
970,104,8,2023-06-17,B104_20230617,2024-06-16,692,117.85
971,104,8,2023-09-10,B104_20230910,2024-09-09,670,117.85
972,104,8,2023-11-22,B104_20231122,2024-11-21,670,117.85
973,104,8,2024-02-23,B104_20240223,2025-02-22,699,117.85
974,105,9,2023-04-01,B105_20230401,2024-03-31,763,101.85
975,105,9,2023-06-28,B105_20230628,2024-06-27,693,101.85
976,105,9,2023-09-27,B105_20230927,2024-09-26,662,101.85
977,105,9,2023-12-07,B105_20231207,2024-12-06,672,101.85
978,105,9,2024-02-23,B105_20240223,2025-02-22,604,101.85
979,106,9,2023-04-01,B106_20230401,2024-03-31,384,172.39
980,106,9,2023-05-10,B106_20230510,2024-05-09,359,172.39
981,106,9,2023-06-27,B106_20230627,2024-06-26,394,172.39
982,106,9,2023-08-07,B106_20230807,2024-08-06,398,172.39
983,106,9,2023-09-23,B106_20230923,2024-09-22,428,172.39
984,106,9,2023-11-04,B106_20231104,2024-11-03,419,172.39
985,106,9,2023-12-19,B106_20231219,2024-12-18,389,172.39
986,106,9,2024-02-07,B106_20240207,2025-02-06,478,172.39
987,106,9,2024-03-28,B106_20240328,2025-03-28,415,172.39
988,107,8,2023-04-01,B107_20230401,2024-03-31,252,150.51
989,107,8,2023-04-26,B107_20230426,2024-04-25,253,150.51
990,107,8,2023-05-14,B107_20230514,2024-05-13,282,150.51
991,107,8,2023-06-02,B107_20230602,2024-06-01,317,150.51
992,107,8,2023-06-20,B107_20230620,2024-06-19,302,150.51
993,107,8,2023-07-14,B107_20230714,2024-07-13,249,150.51
994,107,8,2023-08-04,B107_20230804,2024-08-03,243,150.51
995,107,8,2023-08-24,B107_20230824,2024-08-23,238,150.51
996,107,8,2023-09-18,B107_20230918,2024-09-17,269,150.51
997,107,8,2023-10-13,B107_20231013,2024-10-12,293,150.51
998,107,8,2023-10-31,B107_20231031,2024-10-30,238,150.51
999,107,8,2023-11-24,B107_20231124,2024-11-23,238,150.51
1000,107,8,2023-12-16,B107_20231216,2024-12-15,283,150.51
1001,107,8,2024-01-07,B107_20240107,2025-01-06,239,150.51
1002,107,8,2024-01-31,B107_20240131,2025-01-30,305,150.51
1003,107,8,2024-02-20,B107_20240220,2025-02-19,246,150.51
1004,107,8,2024-03-10,B107_20240310,2025-03-10,282,150.51
1005,107,8,2024-03-31,B107_20240331,2025-03-31,254,150.51
1006,108,7,2023-04-01,B108_20230401,2024-03-31,459,130.35
1007,108,7,2023-05-14,B108_20230514,2024-05-13,457,130.35
1008,108,7,2023-06-20,B108_20230620,2024-06-19,404,130.35
1009,108,7,2023-08-06,B108_20230806,2024-08-05,414,130.35
1010,108,7,2023-09-17,B108_20230917,2024-09-16,481,130.35
1011,108,7,2023-10-29,B108_20231029,2024-10-28,394,130.35
1012,108,7,2023-12-05,B108_20231205,2024-12-04,439,130.35
1013,108,7,2024-01-10,B108_20240110,2025-01-09,368,130.35
1014,108,7,2024-02-26,B108_20240226,2025-02-25,404,130.35
1015,109,9,2023-04-01,B109_20230401,2024-03-31,303,186.68
1016,109,9,2023-04-21,B109_20230421,2024-04-20,337,186.68
1017,109,9,2023-05-14,B109_20230514,2024-05-13,393,186.68
1018,109,9,2023-06-02,B109_20230602,2024-06-01,434,186.68
1019,109,9,2023-06-23,B109_20230623,2024-06-22,353,186.68
1020,109,9,2023-07-18,B109_20230718,2024-07-17,362,186.68
1021,109,9,2023-08-09,B109_20230809,2024-08-08,418,186.68
1022,109,9,2023-08-27,B109_20230827,2024-08-26,348,186.68
1023,109,9,2023-09-14,B109_20230914,2024-09-13,426,186.68
1024,109,9,2023-10-08,B109_20231008,2024-10-07,409,186.68
1025,109,9,2023-10-29,B109_20231029,2024-10-28,393,186.68
1026,109,9,2023-11-21,B109_20231121,2024-11-20,367,186.68
1027,109,9,2023-12-10,B109_20231210,2024-12-09,391,186.68
1028,109,9,2023-12-28,B109_20231228,2024-12-27,316,186.68
1029,109,9,2024-01-16,B109_20240116,2025-01-15,364,186.68
1030,109,9,2024-02-09,B109_20240209,2025-02-08,414,186.68
1031,109,9,2024-03-02,B109_20240302,2025-03-02,400,186.68
1032,109,9,2024-03-23,B109_20240323,2025-03-23,372,186.68
1033,110,8,2023-04-01,B110_20230401,2024-03-31,905,85.27
1034,110,8,2023-06-23,B110_20230623,2024-06-22,1048,85.27
1035,110,8,2023-08-29,B110_20230829,2024-08-28,1081,85.27
1036,110,8,2023-11-11,B110_20231111,2024-11-10,1089,85.27
1037,110,8,2024-02-06,B110_20240206,2025-02-05,872,85.27
1038,111,11,2023-04-01,B111_20230401,2025-03-31,376,87.15
1039,111,11,2023-05-10,B111_20230510,2025-05-09,450,87.15
1040,111,11,2023-06-24,B111_20230624,2025-06-23,402,87.15
1041,111,11,2023-07-31,B111_20230731,2025-07-30,357,87.15
1042,111,11,2023-09-13,B111_20230913,2025-09-12,413,87.15
1043,111,11,2023-10-26,B111_20231026,2025-10-25,369,87.15
1044,111,11,2023-12-02,B111_20231202,2025-12-01,380,87.15
1045,111,11,2024-01-20,B111_20240120,2026-01-19,427,87.15
1046,111,11,2024-03-08,B111_20240308,2026-03-08,370,87.15
1047,112,12,2023-04-01,B112_20230401,2025-03-31,591,84.21
1048,112,12,2023-06-24,B112_20230624,2025-06-23,838,84.21
1049,112,12,2023-08-28,B112_20230828,2025-08-27,635,84.21
1050,112,12,2023-11-03,B112_20231103,2025-11-02,759,84.21
1051,112,12,2024-01-14,B112_20240114,2026-01-13,647,84.21
1052,112,12,2024-03-31,B112_20240331,2026-03-31,588,84.21
1053,113,11,2023-04-01,B113_20230401,2025-03-31,598,67.95
1054,113,11,2023-05-08,B113_20230508,2025-05-07,540,67.95
1055,113,11,2023-06-20,B113_20230620,2025-06-19,585,67.95
1056,113,11,2023-08-09,B113_20230809,2025-08-08,650,67.95
1057,113,11,2023-09-24,B113_20230924,2025-09-23,555,67.95
1058,113,11,2023-11-05,B113_20231105,2025-11-04,639,67.95
1059,113,11,2023-12-25,B113_20231225,2025-12-24,616,67.95
1060,113,11,2024-02-04,B113_20240204,2026-02-03,592,67.95
1061,113,11,2024-03-14,B113_20240314,2026-03-14,564,67.95
1062,114,11,2023-04-01,B114_20230401,2025-03-31,569,39.11
1063,114,11,2023-05-18,B114_20230518,2025-05-17,654,39.11
1064,114,11,2023-07-02,B114_20230702,2025-07-01,589,39.11
1065,114,11,2023-08-19,B114_20230819,2025-08-18,656,39.11
1066,114,11,2023-09-27,B114_20230927,2025-09-26,564,39.11
1067,114,11,2023-11-07,B114_20231107,2025-11-06,596,39.11
1068,114,11,2023-12-17,B114_20231217,2025-12-16,683,39.11
1069,114,11,2024-01-31,B114_20240131,2026-01-30,562,39.11
1070,114,11,2024-03-21,B114_20240321,2026-03-21,684,39.11
1071,115,10,2023-04-01,B115_20230401,2025-03-31,398,85.15
1072,115,10,2023-05-14,B115_20230514,2025-05-13,459,85.15
1073,115,10,2023-06-30,B115_20230630,2025-06-29,402,85.15
1074,115,10,2023-08-10,B115_20230810,2025-08-09,431,85.15
1075,115,10,2023-09-19,B115_20230919,2025-09-18,442,85.15
1076,115,10,2023-10-24,B115_20231024,2025-10-23,477,85.15
1077,115,10,2023-12-12,B115_20231212,2025-12-11,475,85.15
1078,115,10,2024-01-22,B115_20240122,2026-01-21,412,85.15
1079,115,10,2024-03-06,B115_20240306,2026-03-06,461,85.15
1080,116,12,2023-04-01,B116_20230401,2025-03-31,460,110.11
1081,116,12,2023-05-19,B116_20230519,2025-05-18,441,110.11
1082,116,12,2023-06-27,B116_20230627,2025-06-26,436,110.11
1083,116,12,2023-08-08,B116_20230808,2025-08-07,388,110.11
1084,116,12,2023-09-16,B116_20230916,2025-09-15,447,110.11
1085,116,12,2023-11-02,B116_20231102,2025-11-01,366,110.11
1086,116,12,2023-12-22,B116_20231222,2025-12-21,430,110.11
1087,116,12,2024-02-08,B116_20240208,2026-02-07,425,110.11
1088,116,12,2024-03-25,B116_20240325,2026-03-25,445,110.11
1089,117,11,2023-04-01,B117_20230401,2025-03-31,370,137.35
1090,117,11,2023-05-13,B117_20230513,2025-05-12,439,137.35
1091,117,11,2023-06-28,B117_20230628,2025-06-27,377,137.35
1092,117,11,2023-08-03,B117_20230803,2025-08-02,427,137.35
1093,117,11,2023-09-19,B117_20230919,2025-09-18,478,137.35
1094,117,11,2023-11-03,B117_20231103,2025-11-02,478,137.35
1095,117,11,2023-12-21,B117_20231221,2025-12-20,370,137.35
1096,117,11,2024-01-28,B117_20240128,2026-01-27,389,137.35
1097,117,11,2024-03-10,B117_20240310,2026-03-10,413,137.35
1098,118,11,2023-04-01,B118_20230401,2025-03-31,593,61.06
1099,118,11,2023-05-10,B118_20230510,2025-05-09,572,61.06
1100,118,11,2023-06-14,B118_20230614,2025-06-13,596,61.06
1101,118,11,2023-07-28,B118_20230728,2025-07-27,584,61.06
1102,118,11,2023-09-03,B118_20230903,2025-09-02,530,61.06
1103,118,11,2023-10-12,B118_20231012,2025-10-11,572,61.06
1104,118,11,2023-11-26,B118_20231126,2025-11-25,591,61.06
1105,118,11,2024-01-06,B118_20240106,2026-01-05,603,61.06
1106,118,11,2024-02-21,B118_20240221,2026-02-20,595,61.06
1107,119,11,2023-04-01,B119_20230401,2025-03-31,639,51.87
1108,119,11,2023-05-20,B119_20230520,2025-05-19,567,51.87
1109,119,11,2023-07-03,B119_20230703,2025-07-02,518,51.87
1110,119,11,2023-08-10,B119_20230810,2025-08-09,514,51.87
1111,119,11,2023-09-24,B119_20230924,2025-09-23,626,51.87
1112,119,11,2023-11-03,B119_20231103,2025-11-02,677,51.87
1113,119,11,2023-12-15,B119_20231215,2025-12-14,602,51.87
1114,119,11,2024-01-24,B119_20240124,2026-01-23,569,51.87
1115,119,11,2024-03-12,B119_20240312,2026-03-12,682,51.87
1116,120,11,2023-04-01,B120_20230401,2025-03-31,457,129.38
1117,120,11,2023-05-11,B120_20230511,2025-05-10,380,129.38
1118,120,11,2023-06-28,B120_20230628,2025-06-27,406,129.38
1119,120,11,2023-08-08,B120_20230808,2025-08-07,413,129.38
1120,120,11,2023-09-25,B120_20230925,2025-09-24,405,129.38
1121,120,11,2023-11-05,B120_20231105,2025-11-04,382,129.38
1122,120,11,2023-12-12,B120_20231212,2025-12-11,429,129.38
1123,120,11,2024-01-21,B120_20240121,2026-01-20,403,129.38
1124,120,11,2024-03-02,B120_20240302,2026-03-02,414,129.38
1125,121,12,2023-04-01,B121_20230401,2025-03-31,1366,22.77
1126,121,12,2023-06-20,B121_20230620,2025-06-19,1310,22.77
1127,121,12,2023-09-13,B121_20230913,2025-09-12,1227,22.77
1128,121,12,2023-11-29,B121_20231129,2025-11-28,1343,22.77
1129,121,12,2024-02-20,B121_20240220,2026-02-19,1149,22.77
1130,122,10,2023-04-01,B122_20230401,2025-03-31,441,24.89
1131,122,10,2023-04-21,B122_20230421,2025-04-20,437,24.89
1132,122,10,2023-05-13,B122_20230513,2025-05-12,450,24.89
1133,122,10,2023-06-01,B122_20230601,2025-05-31,420,24.89
1134,122,10,2023-06-24,B122_20230624,2025-06-23,354,24.89
1135,122,10,2023-07-16,B122_20230716,2025-07-15,354,24.89
1136,122,10,2023-08-08,B122_20230808,2025-08-07,423,24.89
1137,122,10,2023-09-01,B122_20230901,2025-08-31,390,24.89
1138,122,10,2023-09-21,B122_20230921,2025-09-20,408,24.89
1139,122,10,2023-10-15,B122_20231015,2025-10-14,362,24.89
1140,122,10,2023-11-04,B122_20231104,2025-11-03,406,24.89
1141,122,10,2023-11-29,B122_20231129,2025-11-28,374,24.89
1142,122,10,2023-12-19,B122_20231219,2025-12-18,377,24.89
1143,122,10,2024-01-13,B122_20240113,2026-01-12,414,24.89
1144,122,10,2024-02-05,B122_20240205,2026-02-04,454,24.89
1145,122,10,2024-03-01,B122_20240301,2026-03-01,356,24.89
1146,122,10,2024-03-25,B122_20240325,2026-03-25,455,24.89
1147,123,10,2023-04-01,B123_20230401,2025-03-31,408,148.57
1148,123,10,2023-05-21,B123_20230521,2025-05-20,409,148.57
1149,123,10,2023-07-09,B123_20230709,2025-07-08,418,148.57
1150,123,10,2023-08-15,B123_20230815,2025-08-14,428,148.57
1151,123,10,2023-09-26,B123_20230926,2025-09-25,393,148.57
1152,123,10,2023-11-08,B123_20231108,2025-11-07,385,148.57
1153,123,10,2023-12-22,B123_20231222,2025-12-21,378,148.57
1154,123,10,2024-02-09,B123_20240209,2026-02-08,428,148.57
1155,123,10,2024-03-30,B123_20240330,2026-03-30,426,148.57
1156,124,10,2023-04-01,B124_20230401,2025-03-31,613,38.61
1157,124,10,2023-05-14,B124_20230514,2025-05-13,649,38.61
1158,124,10,2023-06-29,B124_20230629,2025-06-28,607,38.61
1159,124,10,2023-08-04,B124_20230804,2025-08-03,646,38.61
1160,124,10,2023-09-22,B124_20230922,2025-09-21,608,38.61
1161,124,10,2023-11-09,B124_20231109,2025-11-08,528,38.61
1162,124,10,2023-12-21,B124_20231221,2025-12-20,563,38.61
1163,124,10,2024-01-26,B124_20240126,2026-01-25,590,38.61
1164,124,10,2024-03-12,B124_20240312,2026-03-12,665,38.61
1165,125,12,2023-04-01,B125_20230401,2025-03-31,687,95.09
1166,125,12,2023-06-08,B125_20230608,2025-06-07,757,95.09
1167,125,12,2023-08-19,B125_20230819,2025-08-18,639,95.09
1168,125,12,2023-11-15,B125_20231115,2025-11-14,718,95.09
1169,125,12,2024-01-30,B125_20240130,2026-01-29,775,95.09
1170,126,12,2023-04-01,B126_20230401,2025-03-31,291,123.66
1171,126,12,2023-04-21,B126_20230421,2025-04-20,289,123.66
1172,126,12,2023-05-12,B126_20230512,2025-05-11,306,123.66
1173,126,12,2023-05-30,B126_20230530,2025-05-29,285,123.66
1174,126,12,2023-06-21,B126_20230621,2025-06-20,288,123.66
1175,126,12,2023-07-11,B126_20230711,2025-07-10,265,123.66
1176,126,12,2023-08-02,B126_20230802,2025-08-01,262,123.66
1177,126,12,2023-08-24,B126_20230824,2025-08-23,318,123.66
1178,126,12,2023-09-12,B126_20230912,2025-09-11,249,123.66
1179,126,12,2023-10-06,B126_20231006,2025-10-05,315,123.66
1180,126,12,2023-10-28,B126_20231028,2025-10-27,310,123.66
1181,126,12,2023-11-17,B126_20231117,2025-11-16,296,123.66
1182,126,12,2023-12-07,B126_20231207,2025-12-06,258,123.66
1183,126,12,2023-12-30,B126_20231230,2025-12-29,307,123.66
1184,126,12,2024-01-23,B126_20240123,2026-01-22,279,123.66
1185,126,12,2024-02-14,B126_20240214,2026-02-13,290,123.66
1186,126,12,2024-03-09,B126_20240309,2026-03-09,275,123.66
1187,126,12,2024-03-28,B126_20240328,2026-03-28,271,123.66
1188,127,12,2023-04-01,B127_20230401,2025-03-31,444,110.35
1189,127,12,2023-05-17,B127_20230517,2025-05-16,414,110.35
1190,127,12,2023-07-06,B127_20230706,2025-07-05,398,110.35
1191,127,12,2023-08-10,B127_20230810,2025-08-09,466,110.35
1192,127,12,2023-09-16,B127_20230916,2025-09-15,449,110.35
1193,127,12,2023-11-04,B127_20231104,2025-11-03,436,110.35
1194,127,12,2023-12-20,B127_20231220,2025-12-19,464,110.35
1195,127,12,2024-02-05,B127_20240205,2026-02-04,384,110.35
1196,127,12,2024-03-24,B127_20240324,2026-03-24,460,110.35
1197,128,10,2023-04-01,B128_20230401,2025-03-31,558,32.75
1198,128,10,2023-05-15,B128_20230515,2025-05-14,570,32.75
1199,128,10,2023-06-23,B128_20230623,2025-06-22,611,32.75
1200,128,10,2023-08-12,B128_20230812,2025-08-11,651,32.75
1201,128,10,2023-09-17,B128_20230917,2025-09-16,518,32.75
1202,128,10,2023-11-05,B128_20231105,2025-11-04,512,32.75
1203,128,10,2023-12-15,B128_20231215,2025-12-14,589,32.75
1204,128,10,2024-01-19,B128_20240119,2026-01-18,688,32.75
1205,128,10,2024-03-07,B128_20240307,2026-03-07,546,32.75
1206,129,11,2023-04-01,B129_20230401,2025-03-31,312,103.13
1207,129,11,2023-04-23,B129_20230423,2025-04-22,251,103.13
1208,129,11,2023-05-15,B129_20230515,2025-05-14,245,103.13
1209,129,11,2023-06-07,B129_20230607,2025-06-06,259,103.13
1210,129,11,2023-06-30,B129_20230630,2025-06-29,293,103.13
1211,129,11,2023-07-20,B129_20230720,2025-07-19,242,103.13
1212,129,11,2023-08-11,B129_20230811,2025-08-10,298,103.13
1213,129,11,2023-09-01,B129_20230901,2025-08-31,274,103.13
1214,129,11,2023-09-20,B129_20230920,2025-09-19,297,103.13
1215,129,11,2023-10-08,B129_20231008,2025-10-07,255,103.13
1216,129,11,2023-10-27,B129_20231027,2025-10-26,249,103.13
1217,129,11,2023-11-17,B129_20231117,2025-11-16,281,103.13
1218,129,11,2023-12-12,B129_20231212,2025-12-11,238,103.13
1219,129,11,2024-01-04,B129_20240104,2026-01-03,306,103.13
1220,129,11,2024-01-28,B129_20240128,2026-01-27,296,103.13
1221,129,11,2024-02-22,B129_20240222,2026-02-21,243,103.13
1222,129,11,2024-03-17,B129_20240317,2026-03-17,245,103.13
1223,130,11,2023-04-01,B130_20230401,2025-03-31,528,43.07
1224,130,11,2023-05-17,B130_20230517,2025-05-16,668,43.07
1225,130,11,2023-06-25,B130_20230625,2025-06-24,578,43.07
1226,130,11,2023-08-03,B130_20230803,2025-08-02,625,43.07
1227,130,11,2023-09-11,B130_20230911,2025-09-10,522,43.07
1228,130,11,2023-10-16,B130_20231016,2025-10-15,619,43.07
1229,130,11,2023-11-25,B130_20231125,2025-11-24,589,43.07
1230,130,11,2024-01-05,B130_20240105,2026-01-04,623,43.07
1231,130,11,2024-02-13,B130_20240213,2026-02-12,675,43.07
1232,131,12,2023-04-01,B131_20230401,2025-03-31,664,29.7
1233,131,12,2023-05-08,B131_20230508,2025-05-07,671,29.7
1234,131,12,2023-06-16,B131_20230616,2025-06-15,645,29.7
1235,131,12,2023-08-02,B131_20230802,2025-08-01,573,29.7
1236,131,12,2023-09-19,B131_20230919,2025-09-18,566,29.7
1237,131,12,2023-10-28,B131_20231028,2025-10-27,554,29.7
1238,131,12,2023-12-04,B131_20231204,2025-12-03,554,29.7
1239,131,12,2024-01-17,B131_20240117,2026-01-16,650,29.7
1240,131,12,2024-02-21,B131_20240221,2026-02-20,662,29.7
1241,132,12,2023-04-01,B132_20230401,2025-03-31,382,121.53
1242,132,12,2023-05-12,B132_20230512,2025-05-11,451,121.53
1243,132,12,2023-06-25,B132_20230625,2025-06-24,438,121.53
1244,132,12,2023-08-06,B132_20230806,2025-08-05,419,121.53
1245,132,12,2023-09-13,B132_20230913,2025-09-12,387,121.53
1246,132,12,2023-10-20,B132_20231020,2025-10-19,423,121.53
1247,132,12,2023-11-24,B132_20231124,2025-11-23,481,121.53
1248,132,12,2024-01-08,B132_20240108,2026-01-07,373,121.53
1249,132,12,2024-02-25,B132_20240225,2026-02-24,403,121.53
1250,133,12,2023-04-01,B133_20230401,2025-03-31,341,63.89
1251,133,12,2023-04-20,B133_20230420,2025-04-19,209,63.89
1252,133,12,2023-05-12,B133_20230512,2025-05-11,287,63.89
1253,133,12,2023-06-05,B133_20230605,2025-06-04,290,63.89
1254,133,12,2023-06-29,B133_20230629,2025-06-28,265,63.89
1255,133,12,2023-07-19,B133_20230719,2025-07-18,247,63.89
1256,133,12,2023-08-09,B133_20230809,2025-08-08,288,63.89
1257,133,12,2023-09-01,B133_20230901,2025-08-31,281,63.89
1258,133,12,2023-09-20,B133_20230920,2025-09-19,259,63.89
1259,133,12,2023-10-11,B133_20231011,2025-10-10,214,63.89
1260,133,12,2023-11-04,B133_20231104,2025-11-03,255,63.89
1261,133,12,2023-11-22,B133_20231122,2025-11-21,282,63.89
1262,133,12,2023-12-12,B133_20231212,2025-12-11,262,63.89
1263,133,12,2023-12-30,B133_20231230,2025-12-29,284,63.89
1264,133,12,2024-01-21,B133_20240121,2026-01-20,225,63.89
1265,133,12,2024-02-12,B133_20240212,2026-02-11,266,63.89
1266,133,12,2024-03-01,B133_20240301,2026-03-01,260,63.89
1267,133,12,2024-03-20,B133_20240320,2026-03-20,295,63.89
1268,134,11,2023-04-01,B134_20230401,2025-03-31,419,86.08
1269,134,11,2023-05-17,B134_20230517,2025-05-16,363,86.08
1270,134,11,2023-06-26,B134_20230626,2025-06-25,403,86.08
1271,134,11,2023-08-08,B134_20230808,2025-08-07,454,86.08
1272,134,11,2023-09-15,B134_20230915,2025-09-14,385,86.08
1273,134,11,2023-10-20,B134_20231020,2025-10-19,362,86.08
1274,134,11,2023-11-24,B134_20231124,2025-11-23,387,86.08
1275,134,11,2024-01-13,B134_20240113,2026-01-12,402,86.08
1276,134,11,2024-02-21,B134_20240221,2026-02-20,379,86.08
1277,134,11,2024-03-28,B134_20240328,2026-03-28,426,86.08
1278,135,11,2023-04-01,B135_20230401,2025-03-31,917,29.63
1279,135,11,2023-06-12,B135_20230612,2025-06-11,974,29.63
1280,135,11,2023-09-08,B135_20230908,2025-09-07,945,29.63
1281,135,11,2023-12-08,B135_20231208,2025-12-07,873,29.63
1282,135,11,2024-02-22,B135_20240222,2026-02-21,885,29.63
1283,136,12,2023-04-01,B136_20230401,2025-03-31,784,112.56
1284,136,12,2023-06-10,B136_20230610,2025-06-09,641,112.56
1285,136,12,2023-08-30,B136_20230830,2025-08-29,801,112.56
1286,136,12,2023-12-03,B136_20231203,2025-12-02,679,112.56
1287,136,12,2024-03-05,B136_20240305,2026-03-05,692,112.56
1288,137,12,2023-04-01,B137_20230401,2025-03-31,454,149.77
1289,137,12,2023-05-15,B137_20230515,2025-05-14,398,149.77
1290,137,12,2023-07-03,B137_20230703,2025-07-02,358,149.77
1291,137,12,2023-08-13,B137_20230813,2025-08-12,393,149.77
1292,137,12,2023-09-26,B137_20230926,2025-09-25,450,149.77
1293,137,12,2023-11-07,B137_20231107,2025-11-06,415,149.77
1294,137,12,2023-12-27,B137_20231227,2025-12-26,482,149.77
1295,137,12,2024-02-06,B137_20240206,2026-02-05,449,149.77
1296,137,12,2024-03-19,B137_20240319,2026-03-19,375,149.77
1297,138,12,2023-04-01,B138_20230401,2025-03-31,857,76.82
1298,138,12,2023-06-22,B138_20230622,2025-06-21,953,76.82
1299,138,12,2023-09-21,B138_20230921,2025-09-20,1058,76.82
1300,138,12,2023-11-25,B138_20231125,2025-11-24,1135,76.82
1301,138,12,2024-01-29,B138_20240129,2026-01-28,1077,76.82
1302,139,12,2023-04-01,B139_20230401,2025-03-31,662,61.58
1303,139,12,2023-05-15,B139_20230515,2025-05-14,528,61.58
1304,139,12,2023-06-26,B139_20230626,2025-06-25,585,61.58
1305,139,12,2023-08-01,B139_20230801,2025-07-31,685,61.58
1306,139,12,2023-09-09,B139_20230909,2025-09-08,638,61.58
1307,139,12,2023-10-16,B139_20231016,2025-10-15,517,61.58
1308,139,12,2023-11-27,B139_20231127,2025-11-26,671,61.58
1309,139,12,2024-01-14,B139_20240114,2026-01-13,636,61.58
1310,139,12,2024-02-29,B139_20240229,2026-02-28,592,61.58
1311,140,10,2023-04-01,B140_20230401,2025-03-31,716,138.59
1312,140,10,2023-06-21,B140_20230621,2025-06-20,623,138.59
1313,140,10,2023-09-20,B140_20230920,2025-09-19,677,138.59
1314,140,10,2023-12-12,B140_20231212,2025-12-11,714,138.59
1315,140,10,2024-02-28,B140_20240228,2026-02-27,734,138.59
1316,141,11,2023-04-01,B141_20230401,2025-03-31,386,99.97
1317,141,11,2023-05-14,B141_20230514,2025-05-13,464,99.97
1318,141,11,2023-06-30,B141_20230630,2025-06-29,445,99.97
1319,141,11,2023-08-14,B141_20230814,2025-08-13,397,99.97
1320,141,11,2023-09-26,B141_20230926,2025-09-25,386,99.97
1321,141,11,2023-11-06,B141_20231106,2025-11-05,374,99.97
1322,141,11,2023-12-14,B141_20231214,2025-12-13,376,99.97
1323,141,11,2024-01-23,B141_20240123,2026-01-22,413,99.97
1324,141,11,2024-03-08,B141_20240308,2026-03-08,408,99.97
1325,142,10,2023-04-01,B142_20230401,2025-03-31,797,135.15
1326,142,10,2023-06-11,B142_20230611,2025-06-10,689,135.15
1327,142,10,2023-08-29,B142_20230829,2025-08-28,650,135.15
1328,142,10,2023-11-05,B142_20231105,2025-11-04,613,135.15
1329,142,10,2024-02-03,B142_20240203,2026-02-02,739,135.15
1330,143,10,2023-04-01,B143_20230401,2025-03-31,445,125.92
1331,143,10,2023-05-07,B143_20230507,2025-05-06,384,125.92
1332,143,10,2023-06-21,B143_20230621,2025-06-20,375,125.92
1333,143,10,2023-08-02,B143_20230802,2025-08-01,479,125.92
1334,143,10,2023-09-18,B143_20230918,2025-09-17,421,125.92
1335,143,10,2023-11-01,B143_20231101,2025-10-31,389,125.92
1336,143,10,2023-12-11,B143_20231211,2025-12-10,360,125.92
1337,143,10,2024-01-27,B143_20240127,2026-01-26,464,125.92
1338,143,10,2024-03-09,B143_20240309,2026-03-09,368,125.92
1339,144,12,2023-04-01,B144_20230401,2025-03-31,305,134.37
1340,144,12,2023-04-21,B144_20230421,2025-04-20,248,134.37
1341,144,12,2023-05-09,B144_20230509,2025-05-08,307,134.37
1342,144,12,2023-05-30,B144_20230530,2025-05-29,248,134.37
1343,144,12,2023-06-23,B144_20230623,2025-06-22,269,134.37
1344,144,12,2023-07-12,B144_20230712,2025-07-11,286,134.37
1345,144,12,2023-08-03,B144_20230803,2025-08-02,315,134.37
1346,144,12,2023-08-22,B144_20230822,2025-08-21,239,134.37
1347,144,12,2023-09-10,B144_20230910,2025-09-09,254,134.37
1348,144,12,2023-10-05,B144_20231005,2025-10-04,305,134.37
1349,144,12,2023-10-24,B144_20231024,2025-10-23,314,134.37
1350,144,12,2023-11-16,B144_20231116,2025-11-15,248,134.37
1351,144,12,2023-12-11,B144_20231211,2025-12-10,242,134.37
1352,144,12,2024-01-04,B144_20240104,2026-01-03,307,134.37
1353,144,12,2024-01-28,B144_20240128,2026-01-27,279,134.37
1354,144,12,2024-02-21,B144_20240221,2026-02-20,295,134.37
1355,144,12,2024-03-12,B144_20240312,2026-03-12,267,134.37
1356,145,12,2023-04-01,B145_20230401,2025-03-31,559,27.71
1357,145,12,2023-05-20,B145_20230520,2025-05-19,669,27.71
1358,145,12,2023-06-25,B145_20230625,2025-06-24,620,27.71
1359,145,12,2023-08-06,B145_20230806,2025-08-05,626,27.71
1360,145,12,2023-09-25,B145_20230925,2025-09-24,584,27.71
1361,145,12,2023-11-14,B145_20231114,2025-11-13,520,27.71
1362,145,12,2023-12-27,B145_20231227,2025-12-26,578,27.71
1363,145,12,2024-02-13,B145_20240213,2026-02-12,545,27.71
1364,145,12,2024-03-26,B145_20240326,2026-03-26,623,27.71
1365,146,14,2023-04-01,B146_20230401,2023-08-29,688,83.53
1366,146,14,2023-05-17,B146_20230517,2023-10-14,596,83.53
1367,146,14,2023-07-06,B146_20230706,2023-12-03,571,83.53
1368,146,14,2023-08-20,B146_20230820,2024-01-17,579,83.53
1369,146,14,2023-09-29,B146_20230929,2024-02-26,514,83.53
1370,146,14,2023-11-10,B146_20231110,2024-04-08,515,83.53
1371,146,14,2023-12-23,B146_20231223,2024-05-21,520,83.53
1372,146,14,2024-02-11,B146_20240211,2024-07-10,605,83.53
1373,146,14,2024-03-24,B146_20240324,2024-08-21,685,83.53
1374,147,15,2023-04-01,B147_20230401,2023-08-29,554,59.72
1375,147,15,2023-05-13,B147_20230513,2023-10-10,557,59.72
1376,147,15,2023-06-18,B147_20230618,2023-11-15,647,59.72
1377,147,15,2023-07-30,B147_20230730,2023-12-27,613,59.72
1378,147,15,2023-09-15,B147_20230915,2024-02-12,573,59.72
1379,147,15,2023-10-25,B147_20231025,2024-03-23,541,59.72
1380,147,15,2023-12-09,B147_20231209,2024-05-07,655,59.72
1381,147,15,2024-01-24,B147_20240124,2024-06-22,674,59.72
1382,147,15,2024-02-28,B147_20240228,2024-07-27,636,59.72
1383,148,13,2023-04-01,B148_20230401,2023-08-29,680,36.75
1384,148,13,2023-05-10,B148_20230510,2023-10-07,611,36.75
1385,148,13,2023-06-20,B148_20230620,2023-11-17,660,36.75
1386,148,13,2023-08-09,B148_20230809,2024-01-06,607,36.75
1387,148,13,2023-09-18,B148_20230918,2024-02-15,598,36.75
1388,148,13,2023-10-25,B148_20231025,2024-03-23,520,36.75
1389,148,13,2023-12-06,B148_20231206,2024-05-04,513,36.75
1390,148,13,2024-01-25,B148_20240125,2024-06-23,510,36.75
1391,148,13,2024-03-06,B148_20240306,2024-08-03,655,36.75
1392,149,14,2023-04-01,B149_20230401,2023-08-29,1065,69.32
1393,149,14,2023-07-04,B149_20230704,2023-12-01,1090,69.32
1394,149,14,2023-10-04,B149_20231004,2024-03-02,947,69.32
1395,149,14,2023-12-08,B149_20231208,2024-05-06,894,69.32
1396,149,14,2024-03-04,B149_20240304,2024-08-01,1125,69.32
1397,150,15,2023-04-01,B150_20230401,2023-08-29,529,54.28
1398,150,15,2023-05-17,B150_20230517,2023-10-14,682,54.28
1399,150,15,2023-07-02,B150_20230702,2023-11-29,636,54.28
1400,150,15,2023-08-18,B150_20230818,2024-01-15,615,54.28
1401,150,15,2023-10-02,B150_20231002,2024-02-29,564,54.28
1402,150,15,2023-11-10,B150_20231110,2024-04-08,685,54.28
1403,150,15,2023-12-28,B150_20231228,2024-05-26,652,54.28
1404,150,15,2024-02-16,B150_20240216,2024-07-15,626,54.28
1405,150,15,2024-03-27,B150_20240327,2024-08-24,637,54.28
1406,151,14,2023-04-01,B151_20230401,2023-08-29,1227,81.35
1407,151,14,2023-06-10,B151_20230610,2023-11-07,1310,81.35
1408,151,14,2023-08-23,B151_20230823,2024-01-20,1207,81.35
1409,151,14,2023-11-26,B151_20231126,2024-04-24,1416,81.35
1410,151,14,2024-02-26,B151_20240226,2024-07-25,1601,81.35
1411,152,14,2023-04-01,B152_20230401,2023-08-29,904,29.07
1412,152,14,2023-06-15,B152_20230615,2023-11-12,1126,29.07
1413,152,14,2023-09-18,B152_20230918,2024-02-15,1033,29.07
1414,152,14,2023-12-12,B152_20231212,2024-05-10,1019,29.07
1415,152,14,2024-03-15,B152_20240315,2024-08-12,998,29.07
1416,153,13,2023-04-01,B153_20230401,2023-08-29,1073,63.77
1417,153,13,2023-06-12,B153_20230612,2023-11-09,954,63.77
1418,153,13,2023-08-26,B153_20230826,2024-01-23,900,63.77
1419,153,13,2023-11-27,B153_20231127,2024-04-25,1138,63.77
1420,153,13,2024-02-26,B153_20240226,2024-07-25,1062,63.77
1421,154,13,2023-04-01,B154_20230401,2023-08-29,427,36.9
1422,154,13,2023-05-06,B154_20230506,2023-10-03,362,36.9
1423,154,13,2023-06-12,B154_20230612,2023-11-09,434,36.9
1424,154,13,2023-07-17,B154_20230717,2023-12-14,356,36.9
1425,154,13,2023-09-03,B154_20230903,2024-01-31,531,36.9
1426,154,13,2023-10-23,B154_20231023,2024-03-21,448,36.9
1427,154,13,2023-12-09,B154_20231209,2024-05-07,367,36.9
1428,154,13,2024-01-20,B154_20240120,2024-06-18,331,36.9
1429,154,13,2024-02-25,B154_20240225,2024-07-24,373,36.9
1430,155,15,2023-04-01,B155_20230401,2023-08-29,467,103.93
1431,155,15,2023-05-18,B155_20230518,2023-10-15,475,103.93
1432,155,15,2023-06-24,B155_20230624,2023-11-21,558,103.93
1433,155,15,2023-08-13,B155_20230813,2024-01-10,586,103.93
1434,155,15,2023-09-22,B155_20230922,2024-02-19,570,103.93
1435,155,15,2023-10-28,B155_20231028,2024-03-26,473,103.93
1436,155,15,2023-12-08,B155_20231208,2024-05-06,544,103.93
1437,155,15,2024-01-20,B155_20240120,2024-06-18,569,103.93
1438,155,15,2024-02-27,B155_20240227,2024-07-26,485,103.93
1439,156,14,2023-04-01,B156_20230401,2023-08-29,250,92.86
1440,156,14,2023-04-24,B156_20230424,2023-09-21,238,92.86
1441,156,14,2023-05-13,B156_20230513,2023-10-10,262,92.86
1442,156,14,2023-06-07,B156_20230607,2023-11-04,254,92.86
1443,156,14,2023-06-25,B156_20230625,2023-11-22,255,92.86
1444,156,14,2023-07-17,B156_20230717,2023-12-14,320,92.86
1445,156,14,2023-08-11,B156_20230811,2024-01-08,308,92.86
1446,156,14,2023-09-02,B156_20230902,2024-01-30,303,92.86
1447,156,14,2023-09-27,B156_20230927,2024-02-24,279,92.86
1448,156,14,2023-10-19,B156_20231019,2024-03-17,245,92.86
1449,156,14,2023-11-12,B156_20231112,2024-04-10,253,92.86
1450,156,14,2023-12-06,B156_20231206,2024-05-04,269,92.86
1451,156,14,2023-12-31,B156_20231231,2024-05-29,241,92.86
1452,156,14,2024-01-25,B156_20240125,2024-06-23,277,92.86
1453,156,14,2024-02-15,B156_20240215,2024-07-14,308,92.86
1454,156,14,2024-03-04,B156_20240304,2024-08-01,250,92.86
1455,156,14,2024-03-23,B156_20240323,2024-08-20,245,92.86
1456,157,14,2023-04-01,B157_20230401,2023-08-29,436,43.72
1457,157,14,2023-04-25,B157_20230425,2023-09-22,456,43.72
1458,157,14,2023-05-16,B157_20230516,2023-10-13,406,43.72
1459,157,14,2023-06-09,B157_20230609,2023-11-06,438,43.72
1460,157,14,2023-07-03,B157_20230703,2023-11-30,455,43.72
1461,157,14,2023-07-28,B157_20230728,2023-12-25,408,43.72
1462,157,14,2023-08-18,B157_20230818,2024-01-15,397,43.72
1463,157,14,2023-09-06,B157_20230906,2024-02-03,387,43.72
1464,157,14,2023-09-24,B157_20230924,2024-02-21,400,43.72
1465,157,14,2023-10-14,B157_20231014,2024-03-12,354,43.72
1466,157,14,2023-11-08,B157_20231108,2024-04-06,360,43.72
1467,157,14,2023-11-28,B157_20231128,2024-04-26,456,43.72
1468,157,14,2023-12-19,B157_20231219,2024-05-17,355,43.72
1469,157,14,2024-01-12,B157_20240112,2024-06-10,349,43.72
1470,157,14,2024-02-05,B157_20240205,2024-07-04,364,43.72
1471,157,14,2024-02-25,B157_20240225,2024-07-24,440,43.72
1472,157,14,2024-03-18,B157_20240318,2024-08-15,378,43.72
1473,158,13,2023-04-01,B158_20230401,2023-08-29,455,22.49
1474,158,13,2023-04-25,B158_20230425,2023-09-22,528,22.49
1475,158,13,2023-05-17,B158_20230517,2023-10-14,523,22.49
1476,158,13,2023-06-04,B158_20230604,2023-11-01,564,22.49
1477,158,13,2023-06-28,B158_20230628,2023-11-25,459,22.49
1478,158,13,2023-07-18,B158_20230718,2023-12-15,465,22.49
1479,158,13,2023-08-06,B158_20230806,2024-01-03,586,22.49
1480,158,13,2023-08-25,B158_20230825,2024-01-22,564,22.49
1481,158,13,2023-09-17,B158_20230917,2024-02-14,578,22.49
1482,158,13,2023-10-09,B158_20231009,2024-03-07,501,22.49
1483,158,13,2023-11-03,B158_20231103,2024-04-01,531,22.49
1484,158,13,2023-11-28,B158_20231128,2024-04-26,447,22.49
1485,158,13,2023-12-20,B158_20231220,2024-05-18,504,22.49
1486,158,13,2024-01-13,B158_20240113,2024-06-11,448,22.49
1487,158,13,2024-02-05,B158_20240205,2024-07-04,549,22.49
1488,158,13,2024-02-23,B158_20240223,2024-07-22,558,22.49
1489,158,13,2024-03-16,B158_20240316,2024-08-13,581,22.49
1490,159,14,2023-04-01,B159_20230401,2023-08-29,303,100.14
1491,159,14,2023-05-15,B159_20230515,2023-10-12,273,100.14
1492,159,14,2023-06-22,B159_20230622,2023-11-19,309,100.14
1493,159,14,2023-08-05,B159_20230805,2024-01-02,330,100.14
1494,159,14,2023-09-19,B159_20230919,2024-02-16,267,100.14
1495,159,14,2023-10-26,B159_20231026,2024-03-24,244,100.14
1496,159,14,2023-12-13,B159_20231213,2024-05-11,338,100.14
1497,159,14,2024-01-28,B159_20240128,2024-06-26,323,100.14
1498,159,14,2024-03-08,B159_20240308,2024-08-05,270,100.14
1499,160,14,2023-04-01,B160_20230401,2023-08-29,623,94.38
1500,160,14,2023-07-02,B160_20230702,2023-11-29,705,94.38
1501,160,14,2023-09-23,B160_20230923,2024-02-20,601,94.38
1502,160,14,2023-12-03,B160_20231203,2024-05-01,778,94.38
1503,160,14,2024-02-12,B160_20240212,2024-07-11,770,94.38
1504,161,14,2023-04-01,B161_20230401,2023-08-29,343,58.1
1505,161,14,2023-04-19,B161_20230419,2023-09-16,450,58.1
1506,161,14,2023-05-10,B161_20230510,2023-10-07,372,58.1
1507,161,14,2023-06-04,B161_20230604,2023-11-01,400,58.1
1508,161,14,2023-06-23,B161_20230623,2023-11-20,421,58.1
1509,161,14,2023-07-14,B161_20230714,2023-12-11,384,58.1
1510,161,14,2023-08-08,B161_20230808,2024-01-05,361,58.1
1511,161,14,2023-09-02,B161_20230902,2024-01-30,410,58.1
1512,161,14,2023-09-25,B161_20230925,2024-02-22,381,58.1
1513,161,14,2023-10-17,B161_20231017,2024-03-15,429,58.1
1514,161,14,2023-11-05,B161_20231105,2024-04-03,374,58.1
1515,161,14,2023-11-29,B161_20231129,2024-04-27,345,58.1
1516,161,14,2023-12-20,B161_20231220,2024-05-18,442,58.1
1517,161,14,2024-01-10,B161_20240110,2024-06-08,421,58.1
1518,161,14,2024-02-01,B161_20240201,2024-06-30,418,58.1
1519,161,14,2024-02-19,B161_20240219,2024-07-18,443,58.1
1520,161,14,2024-03-08,B161_20240308,2024-08-05,396,58.1
1521,161,14,2024-03-28,B161_20240328,2024-08-25,417,58.1
1522,162,13,2023-04-01,B162_20230401,2023-08-29,641,101.17
1523,162,13,2023-06-24,B162_20230624,2023-11-21,764,101.17
1524,162,13,2023-09-06,B162_20230906,2024-02-03,744,101.17
1525,162,13,2023-12-02,B162_20231202,2024-04-30,729,101.17
1526,162,13,2024-02-18,B162_20240218,2024-07-17,783,101.17
1527,163,13,2023-04-01,B163_20230401,2023-08-29,381,60.84
1528,163,13,2023-04-23,B163_20230423,2023-09-20,366,60.84
1529,163,13,2023-05-15,B163_20230515,2023-10-12,421,60.84
1530,163,13,2023-06-08,B163_20230608,2023-11-05,410,60.84
1531,163,13,2023-06-26,B163_20230626,2023-11-23,401,60.84
1532,163,13,2023-07-19,B163_20230719,2023-12-16,407,60.84
1533,163,13,2023-08-10,B163_20230810,2024-01-07,375,60.84
1534,163,13,2023-08-29,B163_20230829,2024-01-26,397,60.84
1535,163,13,2023-09-21,B163_20230921,2024-02-18,458,60.84
1536,163,13,2023-10-14,B163_20231014,2024-03-12,443,60.84
1537,163,13,2023-11-05,B163_20231105,2024-04-03,418,60.84
1538,163,13,2023-11-27,B163_20231127,2024-04-25,362,60.84
1539,163,13,2023-12-18,B163_20231218,2024-05-16,447,60.84
1540,163,13,2024-01-11,B163_20240111,2024-06-09,419,60.84
1541,163,13,2024-01-31,B163_20240131,2024-06-29,426,60.84
1542,163,13,2024-02-25,B163_20240225,2024-07-24,459,60.84
1543,163,13,2024-03-18,B163_20240318,2024-08-15,448,60.84
1544,164,15,2023-04-01,B164_20230401,2023-08-29,579,30.36
1545,164,15,2023-05-07,B164_20230507,2023-10-04,614,30.36
1546,164,15,2023-06-17,B164_20230617,2023-11-14,571,30.36
1547,164,15,2023-07-29,B164_20230729,2023-12-26,633,30.36
1548,164,15,2023-09-17,B164_20230917,2024-02-14,673,30.36
1549,164,15,2023-11-02,B164_20231102,2024-03-31,601,30.36
1550,164,15,2023-12-12,B164_20231212,2024-05-10,661,30.36
1551,164,15,2024-01-21,B164_20240121,2024-06-19,562,30.36
1552,164,15,2024-03-11,B164_20240311,2024-08-08,533,30.36
1553,165,14,2023-04-01,B165_20230401,2023-08-29,448,108.85
1554,165,14,2023-05-11,B165_20230511,2023-10-08,476,108.85
1555,165,14,2023-06-25,B165_20230625,2023-11-22,439,108.85
1556,165,14,2023-08-06,B165_20230806,2024-01-03,401,108.85
1557,165,14,2023-09-19,B165_20230919,2024-02-16,409,108.85
1558,165,14,2023-11-03,B165_20231103,2024-04-01,403,108.85
1559,165,14,2023-12-17,B165_20231217,2024-05-15,415,108.85
1560,165,14,2024-01-24,B165_20240124,2024-06-22,416,108.85
1561,165,14,2024-03-01,B165_20240301,2024-07-29,416,108.85
1562,166,14,2023-04-01,B166_20230401,2023-08-29,600,69.79
1563,166,14,2023-05-18,B166_20230518,2023-10-15,605,69.79
1564,166,14,2023-07-05,B166_20230705,2023-12-02,519,69.79
1565,166,14,2023-08-13,B166_20230813,2024-01-10,534,69.79
1566,166,14,2023-09-23,B166_20230923,2024-02-20,571,69.79
1567,166,14,2023-11-11,B166_20231111,2024-04-09,535,69.79
1568,166,14,2023-12-21,B166_20231221,2024-05-19,650,69.79
1569,166,14,2024-02-09,B166_20240209,2024-07-08,569,69.79
1570,166,14,2024-03-20,B166_20240320,2024-08-17,566,69.79
1571,167,15,2023-04-01,B167_20230401,2023-08-29,510,57.83
1572,167,15,2023-05-14,B167_20230514,2023-10-11,547,57.83
1573,167,15,2023-06-23,B167_20230623,2023-11-20,613,57.83
1574,167,15,2023-08-02,B167_20230802,2023-12-30,598,57.83
1575,167,15,2023-09-08,B167_20230908,2024-02-05,533,57.83
1576,167,15,2023-10-26,B167_20231026,2024-03-24,624,57.83
1577,167,15,2023-12-12,B167_20231212,2024-05-10,587,57.83
1578,167,15,2024-01-31,B167_20240131,2024-06-29,578,57.83
1579,167,15,2024-03-07,B167_20240307,2024-08-04,606,57.83
1580,168,15,2023-04-01,B168_20230401,2023-08-29,454,44.3
1581,168,15,2023-04-24,B168_20230424,2023-09-21,430,44.3
1582,168,15,2023-05-15,B168_20230515,2023-10-12,342,44.3
1583,168,15,2023-06-02,B168_20230602,2023-10-30,415,44.3
1584,168,15,2023-06-23,B168_20230623,2023-11-20,367,44.3
1585,168,15,2023-07-16,B168_20230716,2023-12-13,377,44.3
1586,168,15,2023-08-04,B168_20230804,2024-01-01,386,44.3
1587,168,15,2023-08-26,B168_20230826,2024-01-23,360,44.3
1588,168,15,2023-09-13,B168_20230913,2024-02-10,375,44.3
1589,168,15,2023-10-05,B168_20231005,2024-03-03,394,44.3
1590,168,15,2023-10-28,B168_20231028,2024-03-26,392,44.3
1591,168,15,2023-11-17,B168_20231117,2024-04-15,381,44.3
1592,168,15,2023-12-12,B168_20231212,2024-05-10,383,44.3
1593,168,15,2024-01-02,B168_20240102,2024-05-31,359,44.3
1594,168,15,2024-01-26,B168_20240126,2024-06-24,342,44.3
1595,168,15,2024-02-16,B168_20240216,2024-07-15,427,44.3
1596,168,15,2024-03-07,B168_20240307,2024-08-04,365,44.3
1597,168,15,2024-03-25,B168_20240325,2024-08-22,410,44.3
1598,169,15,2023-04-01,B169_20230401,2023-08-29,461,25.93
1599,169,15,2023-04-19,B169_20230419,2023-09-16,500,25.93
1600,169,15,2023-05-11,B169_20230511,2023-10-08,562,25.93
1601,169,15,2023-05-29,B169_20230529,2023-10-26,534,25.93
1602,169,15,2023-06-16,B169_20230616,2023-11-13,545,25.93
1603,169,15,2023-07-04,B169_20230704,2023-12-01,449,25.93
1604,169,15,2023-07-23,B169_20230723,2023-12-20,507,25.93
1605,169,15,2023-08-16,B169_20230816,2024-01-13,461,25.93
1606,169,15,2023-09-07,B169_20230907,2024-02-04,516,25.93
1607,169,15,2023-09-27,B169_20230927,2024-02-24,474,25.93
1608,169,15,2023-10-15,B169_20231015,2024-03-13,488,25.93
1609,169,15,2023-11-03,B169_20231103,2024-04-01,545,25.93
1610,169,15,2023-11-25,B169_20231125,2024-04-23,539,25.93
1611,169,15,2023-12-15,B169_20231215,2024-05-13,507,25.93
1612,169,15,2024-01-03,B169_20240103,2024-06-01,521,25.93
1613,169,15,2024-01-22,B169_20240122,2024-06-20,486,25.93
1614,169,15,2024-02-10,B169_20240210,2024-07-09,519,25.93
1615,169,15,2024-03-02,B169_20240302,2024-07-30,563,25.93
1616,169,15,2024-03-23,B169_20240323,2024-08-20,497,25.93
1617,170,15,2023-04-01,B170_20230401,2023-08-29,938,42.48
1618,170,15,2023-06-06,B170_20230606,2023-11-03,1014,42.48
1619,170,15,2023-09-08,B170_20230908,2024-02-05,912,42.48
1620,170,15,2023-12-11,B170_20231211,2024-05-09,994,42.48
1621,170,15,2024-02-21,B170_20240221,2024-07-20,850,42.48
